622581301,10109,121.4715,31.2808,0,0,2007-11-01 00:01:58,0,,
622583873,10109,121.4715,31.2808,0,0,2007-11-01 00:02:59,0,,
622586423,10109,121.4715,31.2808,0,0,2007-11-01 00:04:00,0,,
622589058,10109,121.4715,31.2808,0,0,2007-11-01 00:05:01,0,,
622591633,10109,121.4715,31.2808,0,0,2007-11-01 00:06:02,0,,
622594255,10109,121.4715,31.2808,0,0,2007-11-01 00:07:03,0,,
622596877,10109,121.4715,31.2808,0,0,2007-11-01 00:08:04,0,,
622599469,10109,121.4715,31.2808,0,0,2007-11-01 00:09:05,0,,
622602035,10109,121.4715,31.2808,0,0,2007-11-01 00:10:06,0,,
622604628,10109,121.4715,31.2808,0,0,2007-11-01 00:11:07,0,,
622607235,10109,121.4715,31.2808,0,0,2007-11-01 00:12:08,0,,
622609841,10109,121.4715,31.2808,0,0,2007-11-01 00:13:09,0,,
622612530,10109,121.4715,31.2808,0,0,2007-11-01 00:14:10,0,,
622615116,10109,121.4715,31.2808,0,0,2007-11-01 00:15:11,0,,
622617712,10109,121.4715,31.2808,0,0,2007-11-01 00:16:12,0,,
622620334,10109,121.4715,31.2808,0,0,2007-11-01 00:17:13,0,,
622625468,10109,121.4715,31.2808,0,0,2007-11-01 00:19:14,0,,
622628052,10109,121.4716,31.2806,0,0,2007-11-01 00:20:15,0,,
622630609,10109,121.4716,31.2806,0,0,2007-11-01 00:21:17,0,,
622633188,10109,121.4716,31.2806,0,0,2007-11-01 00:22:18,0,,
622635731,10109,121.4716,31.2806,0,0,2007-11-01 00:23:18,0,,
622638281,10109,121.4716,31.2806,0,0,2007-11-01 00:24:19,0,,
622640831,10109,121.4716,31.2806,0,0,2007-11-01 00:25:20,0,,
622643443,10109,121.4716,31.2806,0,0,2007-11-01 00:26:21,0,,
622646016,10109,121.4716,31.2806,0,0,2007-11-01 00:27:22,0,,
622648614,10109,121.4716,31.2806,0,0,2007-11-01 00:28:23,0,,
622651206,10109,121.4716,31.2806,0,0,2007-11-01 00:29:24,0,,
622653783,10109,121.4716,31.2806,0,0,2007-11-01 00:30:25,0,,
622656350,10109,121.4716,31.2806,0,0,2007-11-01 00:31:26,0,,
622658961,10109,121.4716,31.2806,0,0,2007-11-01 00:32:28,0,,
622661551,10109,121.4718,31.2806,0,0,2007-11-01 00:33:29,0,,
622664078,10109,121.4718,31.2806,0,0,2007-11-01 00:34:29,0,,
622666667,10109,121.4718,31.2806,0,0,2007-11-01 00:35:30,0,,
622669248,10109,121.4718,31.2806,0,0,2007-11-01 00:36:31,0,,
622671808,10109,121.4718,31.2806,0,0,2007-11-01 00:37:32,0,,
622674388,10109,121.4718,31.2806,0,0,2007-11-01 00:38:33,0,,
622682094,10109,121.4718,31.2806,0,0,2007-11-01 00:41:36,0,,
622684683,10109,121.4718,31.2806,0,0,2007-11-01 00:42:37,0,,
622687274,10109,121.4718,31.2806,0,0,2007-11-01 00:43:38,0,,
622689833,10109,121.4718,31.2806,0,0,2007-11-01 00:44:39,0,,
622692395,10109,121.4718,31.2806,0,0,2007-11-01 00:45:40,0,,
622697402,10109,121.4718,31.2806,0,0,2007-11-01 00:47:42,0,,
622699867,10109,121.4718,31.2806,0,0,2007-11-01 00:48:43,0,,
622702374,10109,121.4718,31.2806,0,0,2007-11-01 00:49:44,0,,
622704904,10109,121.4718,31.2806,0,0,2007-11-01 00:50:45,0,,
622707438,10109,121.4718,31.2806,0,0,2007-11-01 00:51:46,0,,
622709967,10109,121.4718,31.2806,0,0,2007-11-01 00:52:47,0,,
622712441,10109,121.472,31.2805,0,0,2007-11-01 00:53:48,0,,
622714971,10109,121.4716,31.2806,0,0,2007-11-01 00:54:49,0,,
622725067,10109,121.472,31.2808,0,0,2007-11-01 00:58:53,0,,
622727623,10109,121.4715,31.281,0,0,2007-11-01 00:59:54,0,,
622730145,10109,121.4716,31.2808,0,0,2007-11-01 01:00:55,0,,
622735244,10109,121.4716,31.2808,0,0,2007-11-01 01:02:57,0,,
622740189,10109,121.4716,31.2808,0,0,2007-11-01 01:04:59,0,,
622742630,10109,121.472,31.2806,0,0,2007-11-01 01:06:00,0,,
622745065,10109,121.4728,31.2803,0,0,2007-11-01 01:07:01,0,,
622747462,10109,121.4721,31.2806,0,0,2007-11-01 01:08:02,0,,
622749864,10109,121.4728,31.2805,0,0,2007-11-01 01:09:03,0,,
622752281,10109,121.4728,31.2803,0,0,2007-11-01 01:10:04,0,,
622754680,10109,121.4735,31.2801,0,0,2007-11-01 01:11:05,0,,
622757060,10109,121.4725,31.2805,0,0,2007-11-01 01:12:06,0,,
622759459,10109,121.472,31.2806,0,0,2007-11-01 01:13:07,0,,
622761859,10109,121.4716,31.2806,0,0,2007-11-01 01:14:08,0,,
622763754,10109,121.4723,31.2791,20,112,2007-11-01 01:14:56,0,,
622767158,10109,121.4726,31.2781,36,67,2007-11-01 01:16:20,0,,
622767810,10109,121.4735,31.2773,26,90,2007-11-01 01:16:36,0,,
622767950,10109,121.4735,31.277,26,90,2007-11-01 01:16:40,1,,
622770386,10109,121.4698,31.2706,50,112,2007-11-01 01:17:40,1,,
622772814,10109,121.4648,31.2676,28,135,2007-11-01 01:18:41,1,,
622775429,10109,121.4631,31.2671,32,157,2007-11-01 01:19:46,0,,
622776074,10109,121.4626,31.2683,22,157,2007-11-01 01:20:02,0,,
622776716,10109,121.4613,31.2678,32,112,2007-11-01 01:20:18,0,,
622777390,10109,121.4603,31.2673,24,112,2007-11-01 01:20:35,0,,
622779172,10109,121.4591,31.267,42,112,2007-11-01 01:21:20,0,,
622780454,10109,121.4595,31.265,32,67,2007-11-01 01:21:52,0,,
622781102,10109,121.4598,31.2638,38,112,2007-11-01 01:22:08,0,,
622781768,10109,121.4578,31.2628,54,112,2007-11-01 01:22:24,0,,
622782399,10109,121.4558,31.2621,50,112,2007-11-01 01:22:40,0,,
622783074,10109,121.4565,31.2616,18,90,2007-11-01 01:22:57,0,,
622783984,10109,121.4563,31.2606,18,90,2007-11-01 01:23:20,0,,
622784995,10109,121.457,31.2618,42,67,2007-11-01 01:23:44,0,,
622785629,10109,121.4583,31.2606,46,67,2007-11-01 01:24:00,0,,
622788237,10109,121.4548,31.2583,34,90,2007-11-01 01:25:06,0,,
622788866,10109,121.4546,31.2568,38,90,2007-11-01 01:25:22,0,,
622789553,10109,121.4546,31.2558,4,90,2007-11-01 01:25:38,0,,
622790118,10109,121.455,31.2555,22,45,2007-11-01 01:25:52,1,,
622792558,10109,121.4593,31.2545,20,112,2007-11-01 01:26:52,1,,
622797529,10109,121.461,31.25,6,135,2007-11-01 01:28:54,1,,
622798743,10109,121.4591,31.2503,0,135,2007-11-01 01:29:25,0,,
622799416,10109,121.4591,31.2503,0,135,2007-11-01 01:29:40,0,,
622801873,10109,121.4593,31.2505,0,135,2007-11-01 01:30:41,0,,
622804315,10109,121.4595,31.2505,0,135,2007-11-01 01:31:42,0,,
622806413,10109,121.4588,31.2511,30,0,2007-11-01 01:32:35,0,,
622807102,10109,121.4593,31.2518,22,45,2007-11-01 01:32:52,0,,
622807742,10109,121.4606,31.2515,34,45,2007-11-01 01:33:08,0,,
622808360,10109,121.4621,31.2513,24,45,2007-11-01 01:33:24,0,,
622809100,10109,121.4633,31.2516,20,45,2007-11-01 01:33:42,0,,
622809917,10109,121.4645,31.252,18,45,2007-11-01 01:34:02,0,,
622811165,10109,121.4656,31.2495,54,90,2007-11-01 01:34:34,0,,
622811825,10109,121.4661,31.2475,44,90,2007-11-01 01:34:50,0,,
622812495,10109,121.466,31.2466,32,135,2007-11-01 01:35:06,0,,
622814576,10109,121.4648,31.2465,22,135,2007-11-01 01:35:57,0,,
622815433,10109,121.4636,31.2463,20,135,2007-11-01 01:36:19,1,,
622817836,10109,121.4586,31.247,0,157,2007-11-01 01:37:19,1,,
622820294,10109,121.4585,31.2423,66,90,2007-11-01 01:38:20,1,,
622822742,10109,121.4621,31.2331,50,90,2007-11-01 01:39:21,1,,
622830011,10109,121.4533,31.2263,38,135,2007-11-01 01:42:24,1,,
622832400,10109,121.4483,31.2256,32,135,2007-11-01 01:43:25,1,,
622834852,10109,121.4486,31.2253,60,112,2007-11-01 01:44:26,1,,
622837254,10109,121.4468,31.2245,0,112,2007-11-01 01:45:27,1,,
622839727,10109,121.4433,31.2235,46,135,2007-11-01 01:46:28,1,,
622842189,10109,121.4408,31.223,0,112,2007-11-01 01:47:29,1,,
622844564,10109,121.4408,31.223,0,112,2007-11-01 01:48:30,1,,
622847009,10109,121.4361,31.2213,50,135,2007-11-01 01:49:31,1,,
622849462,10109,121.4301,31.2178,44,112,2007-11-01 01:50:32,1,,
622851880,10109,121.4285,31.2165,0,135,2007-11-01 01:51:33,1,,
622857770,10109,121.4071,31.2078,70,112,2007-11-01 01:54:02,1,,
622860248,10109,121.3966,31.2025,72,135,2007-11-01 01:55:03,1,,
622862708,10109,121.386,31.1978,64,112,2007-11-01 01:56:04,1,,
622865070,10109,121.3823,31.1956,50,112,2007-11-01 01:57:05,1,,
622878372,10109,121.3875,31.1833,42,67,2007-11-01 02:02:48,1,,
622879762,10109,121.3881,31.1823,24,67,2007-11-01 02:03:08,0,,
622879824,10109,121.3883,31.1821,0,67,2007-11-01 02:03:24,0,,
622881508,10109,121.3891,31.1821,40,22,2007-11-01 02:04:07,0,,
622883897,10109,121.3898,31.1823,0,22,2007-11-01 02:05:08,0,,
622884641,10109,121.391,31.1826,46,22,2007-11-01 02:05:27,0,,
622885265,10109,121.3928,31.1836,52,22,2007-11-01 02:05:43,0,,
622886540,10109,121.3966,31.1853,44,22,2007-11-01 02:06:15,0,,
622887127,10109,121.3985,31.186,46,22,2007-11-01 02:06:31,0,,
622887760,10109,121.4003,31.1863,46,45,2007-11-01 02:06:47,0,,
622889032,10109,121.4038,31.187,8,45,2007-11-01 02:07:19,0,,
622889866,10109,121.4043,31.1878,40,0,2007-11-01 02:07:42,0,,
622890495,10109,121.4041,31.1896,50,0,2007-11-01 02:07:58,0,,
622893707,10109,121.4088,31.1928,38,0,2007-11-01 02:09:19,0,,
622896714,10109,121.4088,31.1946,0,0,2007-11-01 02:10:36,0,,
622898398,10109,121.4086,31.1936,32,90,2007-11-01 02:11:19,0,,
622899574,10109,121.4086,31.1926,38,90,2007-11-01 02:11:49,0,,
622900318,10109,121.4088,31.1908,48,90,2007-11-01 02:12:05,0,,
623225100,10109,121.4626,31.3288,0,0,2007-11-01 04:42:15,0,,
623227232,10109,121.4626,31.3288,0,0,2007-11-01 04:43:15,0,,
623229411,10109,121.4626,31.3288,0,0,2007-11-01 04:44:16,0,,
623231607,10109,121.4626,31.3288,0,0,2007-11-01 04:45:17,0,,
623233798,10109,121.4626,31.3288,0,0,2007-11-01 04:46:18,0,,
623236020,10109,121.4626,31.3288,0,0,2007-11-01 04:47:19,0,,
623238255,10109,121.4626,31.3288,0,0,2007-11-01 04:48:20,0,,
623240488,10109,121.4626,31.3288,0,0,2007-11-01 04:49:21,0,,
623242710,10109,121.4626,31.3288,0,0,2007-11-01 04:50:22,0,,
623244919,10109,121.4626,31.3288,0,0,2007-11-01 04:51:23,0,,
623249335,10109,121.4626,31.3288,0,0,2007-11-01 04:53:25,0,,
623251562,10109,121.4626,31.3288,0,0,2007-11-01 04:54:26,0,,
623253793,10109,121.4626,31.3288,0,0,2007-11-01 04:55:27,0,,
623256057,10109,121.4626,31.3288,0,0,2007-11-01 04:56:28,0,,
623260504,10109,121.4626,31.3288,0,0,2007-11-01 04:58:30,0,,
623262720,10109,121.4626,31.3288,0,0,2007-11-01 04:59:31,0,,
623264939,10109,121.4626,31.3288,0,0,2007-11-01 05:00:32,0,,
623267214,10109,121.4626,31.3288,0,0,2007-11-01 05:01:33,0,,
623269508,10109,121.4626,31.3288,0,0,2007-11-01 05:02:34,0,,
623271772,10109,121.4626,31.3288,0,0,2007-11-01 05:03:35,0,,
623274040,10109,121.4626,31.3288,0,0,2007-11-01 05:04:36,0,,
623276294,10109,121.4626,31.3288,0,0,2007-11-01 05:05:37,0,,
623278519,10109,121.4626,31.3288,4,135,2007-11-01 05:06:38,0,,
623280772,10109,121.4623,31.3293,0,0,2007-11-01 05:07:39,0,,
623282999,10109,121.4623,31.3293,0,0,2007-11-01 05:08:40,0,,
623285276,10109,121.4623,31.3293,0,0,2007-11-01 05:09:41,0,,
623287536,10109,121.4623,31.3293,0,0,2007-11-01 05:10:42,0,,
623289818,10109,121.4623,31.3293,0,0,2007-11-01 05:11:43,0,,
623292111,10109,121.4623,31.3293,0,0,2007-11-01 05:12:44,0,,
623294416,10109,121.4623,31.3293,0,0,2007-11-01 05:13:45,0,,
623296719,10109,121.4623,31.3293,0,0,2007-11-01 05:14:46,0,,
623298977,10109,121.4623,31.3293,0,0,2007-11-01 05:15:47,0,,
623301294,10109,121.4623,31.3293,0,0,2007-11-01 05:16:48,0,,
623303570,10109,121.4623,31.3293,0,0,2007-11-01 05:17:49,0,,
623305886,10109,121.4623,31.3293,0,0,2007-11-01 05:18:50,0,,
623312888,10109,121.4623,31.3293,0,0,2007-11-01 05:21:54,0,,
623315216,10109,121.4623,31.3293,0,0,2007-11-01 05:22:55,0,,
623317511,10109,121.4623,31.3293,0,0,2007-11-01 05:23:56,0,,
623322319,10109,121.4626,31.329,10,45,2007-11-01 05:26:04,0,,
623323191,10109,121.4628,31.328,26,90,2007-11-01 05:26:27,0,,
623323765,10109,121.463,31.3268,30,90,2007-11-01 05:26:43,0,,
623324974,10109,121.4631,31.3243,36,90,2007-11-01 05:27:15,0,,
623325588,10109,121.4633,31.323,38,90,2007-11-01 05:27:31,0,,
623326200,10109,121.4635,31.3215,32,90,2007-11-01 05:27:47,0,,
623327409,10109,121.4606,31.3206,30,135,2007-11-01 05:28:19,0,,
623328310,10109,121.4595,31.3203,30,135,2007-11-01 05:28:43,0,,
623328920,10109,121.458,31.32,34,135,2007-11-01 05:28:59,0,,
623329604,10109,121.4568,31.3198,24,135,2007-11-01 05:29:16,0,,
623330161,10109,121.4555,31.3195,28,135,2007-11-01 05:29:32,0,,
623330737,10109,121.4541,31.3191,30,135,2007-11-01 05:29:48,0,,
623331318,10109,121.453,31.3188,26,135,2007-11-01 05:30:04,0,,
623332525,10109,121.4503,31.3183,30,135,2007-11-01 05:30:36,0,,
623333938,10109,121.4478,31.3178,12,135,2007-11-01 05:31:14,0,,
623334602,10109,121.4466,31.3175,28,135,2007-11-01 05:31:31,0,,
623335191,10109,121.4455,31.3171,28,135,2007-11-01 05:31:47,0,,
623335946,10109,121.4443,31.317,20,135,2007-11-01 05:32:06,0,,
623336633,10109,121.4431,31.3166,30,135,2007-11-01 05:32:26,0,,
623337826,10109,121.4403,31.316,14,135,2007-11-01 05:32:58,0,,
623340164,10109,121.4395,31.3158,0,135,2007-11-01 05:33:59,0,,
623342497,10109,121.4395,31.3158,0,135,2007-11-01 05:35:00,0,,
623344841,10109,121.4395,31.3158,0,135,2007-11-01 05:36:01,0,,
623347168,10109,121.4395,31.3158,0,135,2007-11-01 05:37:02,0,,
623349494,10109,121.4395,31.3158,0,135,2007-11-01 05:38:03,0,,
623351856,10109,121.4395,31.3158,0,135,2007-11-01 05:39:04,0,,
623356585,10109,121.4395,31.3158,0,135,2007-11-01 05:41:06,0,,
623358971,10109,121.4395,31.3158,0,135,2007-11-01 05:42:07,0,,
623361381,10109,121.4396,31.3158,4,45,2007-11-01 05:43:08,0,,
623362280,10109,121.4401,31.315,30,90,2007-11-01 05:43:30,0,,
623362930,10109,121.4401,31.3138,30,90,2007-11-01 05:43:46,0,,
623363588,10109,121.4403,31.3126,22,90,2007-11-01 05:44:02,0,,
623365195,10109,121.4403,31.3116,26,90,2007-11-01 05:44:44,0,,
623365852,10109,121.4405,31.3105,38,90,2007-11-01 05:45:00,0,,
623367245,10109,121.4405,31.3095,28,90,2007-11-01 05:45:35,0,,
623367872,10109,121.4405,31.3081,34,90,2007-11-01 05:45:51,0,,
623368525,10109,121.441,31.3071,32,45,2007-11-01 05:46:07,0,,
623745094,10109,121.3191,31.1581,46,112,2007-11-01 08:19:41,1,,
623750427,10109,121.3093,31.1543,4,112,2007-11-01 08:22:03,1,,
623752687,10109,121.305,31.1526,54,112,2007-11-01 08:23:04,1,,
623754896,10109,121.3021,31.1511,18,157,2007-11-01 08:24:05,1,,
623757169,10109,121.2953,31.1488,54,112,2007-11-01 08:25:06,1,,
623759578,10109,121.2881,31.1443,40,112,2007-11-01 08:26:07,1,,
623764148,10109,121.2878,31.144,6,67,2007-11-01 08:28:09,1,,
623766424,10109,121.2923,31.1473,66,22,2007-11-01 08:29:10,1,,
623769186,10109,121.301,31.151,56,22,2007-11-01 08:30:11,1,,
623771029,10109,121.3078,31.1536,58,22,2007-11-01 08:31:12,1,,
623773457,10109,121.3113,31.1495,50,67,2007-11-01 08:32:13,1,,
623774178,10109,121.3121,31.1481,0,67,2007-11-01 08:32:35,0,,
623774756,10109,121.3121,31.1481,0,67,2007-11-01 08:32:50,0,,
623776383,10109,121.3118,31.1488,34,157,2007-11-01 08:33:34,0,,
623776998,10109,121.311,31.1503,50,157,2007-11-01 08:33:50,0,,
623777586,10109,121.3103,31.1518,34,157,2007-11-01 08:34:06,0,,
623778225,10109,121.3096,31.153,36,157,2007-11-01 08:34:22,0,,
623779129,10109,121.3091,31.1541,16,0,2007-11-01 08:34:38,0,,
623779939,10109,121.3093,31.1543,24,22,2007-11-01 08:35:06,1,,
623782203,10109,121.3136,31.156,24,45,2007-11-01 08:36:06,1,,
623784502,10109,121.3196,31.1583,48,45,2007-11-01 08:37:07,1,,
623786815,10109,121.3216,31.1565,20,67,2007-11-01 08:38:08,1,,
623789174,10109,121.3241,31.1516,30,67,2007-11-01 08:39:09,1,,
623791484,10109,121.3258,31.1483,12,67,2007-11-01 08:40:10,1,,
623793802,10109,121.3298,31.1493,70,45,2007-11-01 08:41:11,1,,
623796113,10109,121.338,31.1533,34,22,2007-11-01 08:42:12,1,,
623798454,10109,121.3406,31.1548,0,22,2007-11-01 08:43:13,1,,
623800788,10109,121.3416,31.1553,8,22,2007-11-01 08:44:14,1,,
623803125,10109,121.3431,31.1563,0,22,2007-11-01 08:45:15,1,,
623805460,10109,121.3433,31.1563,0,22,2007-11-01 08:46:16,1,,
623807745,10109,121.3438,31.1566,18,22,2007-11-01 08:47:17,1,,
623808275,10109,121.3436,31.1573,14,157,2007-11-01 08:47:30,0,,
623809221,10109,121.3435,31.1576,28,157,2007-11-01 08:47:54,0,,
623809298,10109,121.3433,31.1578,34,157,2007-11-01 08:47:56,1,,
623811701,10109,121.341,31.1635,40,22,2007-11-01 08:48:57,1,,
623813995,10109,121.3431,31.1643,38,22,2007-11-01 08:49:58,1,,
623816317,10109,121.3455,31.1685,34,0,2007-11-01 08:50:59,1,,
623818670,10109,121.3455,31.173,32,22,2007-11-01 08:52:00,1,,
623821081,10109,121.3475,31.1738,36,22,2007-11-01 08:53:01,1,,
623823366,10109,121.3508,31.1753,14,22,2007-11-01 08:54:02,1,,
623825706,10109,121.3493,31.1788,24,0,2007-11-01 08:55:03,1,,
623828324,10109,121.349,31.1803,0,157,2007-11-01 08:56:04,1,,
623830447,10109,121.3476,31.183,0,0,2007-11-01 08:57:05,1,,
623832757,10109,121.3503,31.184,14,45,2007-11-01 08:58:06,1,,
623835014,10109,121.3505,31.184,0,45,2007-11-01 08:59:07,1,,
623837322,10109,121.3516,31.1843,32,45,2007-11-01 09:00:08,1,,
623839630,10109,121.3526,31.1846,0,45,2007-11-01 09:01:09,1,,
623841911,10109,121.3528,31.1846,10,45,2007-11-01 09:02:10,1,,
623846483,10109,121.3518,31.199,54,0,2007-11-01 09:04:12,1,,
623848812,10109,121.3503,31.207,36,0,2007-11-01 09:05:13,1,,
623855650,10109,121.3463,31.22,36,157,2007-11-01 09:08:10,1,,
623858013,10109,121.3508,31.2203,2,45,2007-11-01 09:09:11,1,,
623860324,10109,121.3536,31.22,42,45,2007-11-01 09:10:12,1,,
623862744,10109,121.3566,31.222,24,22,2007-11-01 09:11:13,1,,
623865156,10109,121.3601,31.2228,44,0,2007-11-01 09:12:14,1,,
623867532,10109,121.3643,31.2241,48,67,2007-11-01 09:13:15,1,,
623869940,10109,121.3688,31.221,40,67,2007-11-01 09:14:16,1,,
623872767,10109,121.3785,31.2211,62,45,2007-11-01 09:15:17,1,,
623875429,10109,121.3886,31.22,40,45,2007-11-01 09:16:18,1,,
623878071,10109,121.3926,31.2198,0,45,2007-11-01 09:17:19,1,,
623879919,10109,121.3936,31.2196,20,45,2007-11-01 09:18:20,1,,
623884659,10109,121.4003,31.2196,0,45,2007-11-01 09:20:22,1,,
623887125,10109,121.4048,31.2186,38,45,2007-11-01 09:21:23,1,,
623889461,10109,121.4105,31.2195,10,67,2007-11-01 09:22:24,1,,
623891871,10109,121.4105,31.2196,0,45,2007-11-01 09:23:25,1,,
623894234,10109,121.4113,31.2196,20,45,2007-11-01 09:24:26,1,,
623896622,10109,121.4093,31.2246,26,22,2007-11-01 09:25:27,1,,
623901324,10109,121.4168,31.2271,20,22,2007-11-01 09:27:29,1,,
623903685,10109,121.4196,31.2298,14,45,2007-11-01 09:28:30,1,,
623908346,10109,121.4235,31.2333,62,22,2007-11-01 09:30:32,1,,
623910963,10109,121.4248,31.2346,0,0,2007-11-01 09:31:32,1,,
623913033,10109,121.4248,31.2346,0,0,2007-11-01 09:32:33,1,,
623915397,10109,121.4248,31.2346,0,0,2007-11-01 09:33:34,1,,
623917754,10109,121.4248,31.2346,0,0,2007-11-01 09:34:36,1,,
623920089,10109,121.4248,31.2346,0,0,2007-11-01 09:35:36,1,,
623922456,10109,121.4383,31.2456,20,22,2007-11-01 09:36:38,1,,
623924880,10109,121.4401,31.2461,0,0,2007-11-01 09:37:39,1,,
623927247,10109,121.4451,31.247,60,45,2007-11-01 09:38:40,1,,
623929548,10109,121.4466,31.2475,0,22,2007-11-01 09:39:40,1,,
623931914,10109,121.4488,31.2475,0,45,2007-11-01 09:40:42,1,,
623934260,10109,121.4481,31.2491,6,0,2007-11-01 09:41:43,1,,
623936503,10109,121.4496,31.2493,16,45,2007-11-01 09:42:39,0,,
623937095,10109,121.45,31.2491,0,45,2007-11-01 09:42:54,0,,
623939445,10109,121.45,31.2491,0,45,2007-11-01 09:43:56,0,,
623941816,10109,121.45,31.2491,0,45,2007-11-01 09:44:56,0,,
623946523,10109,121.45,31.2491,0,45,2007-11-01 09:46:58,0,,
623951135,10109,121.45,31.2491,0,45,2007-11-01 09:49:01,0,,
623953433,10109,121.45,31.2491,0,45,2007-11-01 09:50:01,0,,
623954727,10109,121.45,31.2491,0,45,2007-11-01 09:50:36,1,,
623957058,10109,121.4508,31.2483,0,45,2007-11-01 09:51:37,1,,
623959347,10109,121.4508,31.2483,0,45,2007-11-01 09:52:38,1,,
623961708,10109,121.4521,31.2476,0,67,2007-11-01 09:53:38,1,,
623964111,10109,121.456,31.2473,62,45,2007-11-01 09:54:39,1,,
623966473,10109,121.4591,31.2413,46,90,2007-11-01 09:55:40,1,,
623968821,10109,121.4616,31.2365,34,90,2007-11-01 09:56:41,1,,
623971218,10109,121.4623,31.2308,38,90,2007-11-01 09:57:42,1,,
623973597,10109,121.4661,31.2245,50,67,2007-11-01 09:58:43,1,,
623975931,10109,121.4661,31.218,46,90,2007-11-01 09:59:44,1,,
623978240,10109,121.4681,31.2106,42,67,2007-11-01 10:00:45,1,,
623980641,10109,121.4656,31.2076,6,135,2007-11-01 10:01:46,1,,
623982943,10109,121.4618,31.2065,0,112,2007-11-01 10:02:47,1,,
623987677,10109,121.463,31.2031,0,112,2007-11-01 10:04:49,1,,
623990050,10109,121.4626,31.1991,10,135,2007-11-01 10:05:50,1,,
623992429,10109,121.4618,31.1966,20,112,2007-11-01 10:06:51,1,,
623994899,10109,121.4595,31.1953,12,90,2007-11-01 10:07:52,1,,
623997326,10109,121.4576,31.195,18,112,2007-11-01 10:08:53,1,,
623997770,10109,121.4573,31.1948,0,112,2007-11-01 10:09:05,0,,
624001491,10109,121.4583,31.1946,12,22,2007-11-01 10:10:38,0,,
624003614,10109,121.4596,31.195,26,67,2007-11-01 10:11:29,1,,
624006045,10109,121.4601,31.194,0,67,2007-11-01 10:12:30,1,,
624008475,10109,121.4603,31.194,8,45,2007-11-01 10:13:31,1,,
624010874,10109,121.4646,31.1961,4,22,2007-11-01 10:14:32,1,,
624013303,10109,121.4713,31.1988,50,22,2007-11-01 10:15:33,1,,
624015652,10109,121.472,31.2026,0,0,2007-11-01 10:16:34,1,,
624018010,10109,121.472,31.2026,0,0,2007-11-01 10:17:35,1,,
624020378,10109,121.472,31.2026,0,0,2007-11-01 10:18:36,1,,
624020502,10109,121.472,31.2026,0,0,2007-11-01 10:18:39,0,,
624025235,10109,121.472,31.2026,0,0,2007-11-01 10:20:40,0,,
624027479,10109,121.472,31.2026,0,0,2007-11-01 10:21:37,1,,
624029901,10109,121.472,31.2026,0,0,2007-11-01 10:22:38,1,,
624032342,10109,121.472,31.2026,0,0,2007-11-01 10:23:39,1,,
624034754,10109,121.472,31.2026,0,0,2007-11-01 10:24:40,1,,
624036524,10109,121.472,31.2026,0,0,2007-11-01 10:25:26,0,,
624038894,10109,121.472,31.2026,0,0,2007-11-01 10:26:27,0,,
624041397,10109,121.472,31.2026,0,0,2007-11-01 10:27:28,0,,
624043815,10109,121.472,31.2026,0,0,2007-11-01 10:28:29,0,,
624046253,10109,121.472,31.2026,0,0,2007-11-01 10:29:30,0,,
624046609,10109,121.472,31.2026,0,0,2007-11-01 10:29:39,1,,
624049092,10109,121.4848,31.2035,34,135,2007-11-01 10:30:40,1,,
624051482,10109,121.479,31.2013,50,135,2007-11-01 10:31:42,1,,
624053852,10109,121.4728,31.2,22,157,2007-11-01 10:32:43,1,,
624056253,10109,121.4708,31.2053,32,0,2007-11-01 10:33:44,1,,
624058630,10109,121.4701,31.2068,0,0,2007-11-01 10:34:44,1,,
624060978,10109,121.4701,31.2068,0,0,2007-11-01 10:35:45,1,,
624065675,10109,121.467,31.2203,20,0,2007-11-01 10:37:48,1,,
624068698,10109,121.467,31.2233,28,0,2007-11-01 10:38:49,1,,
624071162,10109,121.4636,31.2271,58,157,2007-11-01 10:39:50,1,,
624072549,10109,121.4623,31.2333,44,0,2007-11-01 10:40:50,1,,
624074695,10109,121.4611,31.2378,24,157,2007-11-01 10:41:52,1,,
624077039,10109,121.461,31.2383,6,157,2007-11-01 10:42:53,1,,
624079405,10109,121.4595,31.2358,0,112,2007-11-01 10:43:54,1,,
624081826,10109,121.455,31.2338,16,135,2007-11-01 10:44:55,1,,
624084597,10109,121.4511,31.2321,42,135,2007-11-01 10:45:55,1,,
624086590,10109,121.4455,31.2303,40,112,2007-11-01 10:46:57,1,,
624086949,10109,121.4446,31.23,22,112,2007-11-01 10:47:05,0,,
624089286,10109,121.4443,31.2298,2,112,2007-11-01 10:48:05,0,,
624090881,10109,121.4431,31.2291,30,112,2007-11-01 10:48:45,0,,
624092125,10109,121.4398,31.2278,16,157,2007-11-01 10:49:16,0,,
624093460,10109,121.4393,31.2286,18,157,2007-11-01 10:49:50,1,,
624095804,10109,121.438,31.2295,0,135,2007-11-01 10:50:50,1,,
624100853,10109,121.4305,31.23,0,157,2007-11-01 10:52:53,1,,
624103322,10109,121.4271,31.2338,34,157,2007-11-01 10:53:54,1,,
624105755,10109,121.4263,31.2348,22,157,2007-11-01 10:54:55,1,,
624108161,10109,121.4223,31.2375,64,157,2007-11-01 10:55:54,1,,
624110581,10109,121.419,31.24,32,157,2007-11-01 10:56:56,1,,
624111315,10109,121.4181,31.241,10,0,2007-11-01 10:57:14,0,,
624113629,10109,121.4193,31.2416,38,22,2007-11-01 10:58:12,0,,
624114277,10109,121.4205,31.2423,0,22,2007-11-01 10:58:28,0,,
624115401,10109,121.4206,31.2423,20,112,2007-11-01 10:58:56,1,,
624117843,10109,121.4183,31.2411,0,112,2007-11-01 10:59:56,1,,
624122922,10109,121.4193,31.2395,24,67,2007-11-01 11:01:58,1,,
624125416,10109,121.4246,31.2353,12,67,2007-11-01 11:02:59,1,,
624130459,10109,121.423,31.2268,52,90,2007-11-01 11:05:01,1,,
624132946,10109,121.423,31.2263,0,90,2007-11-01 11:06:02,1,,
624137936,10109,121.4258,31.222,0,90,2007-11-01 11:08:04,1,,
624140276,10109,121.427,31.2186,28,90,2007-11-01 11:08:59,0,,
624140905,10109,121.4271,31.2181,0,90,2007-11-01 11:09:14,0,,
624142598,10109,121.4275,31.217,36,90,2007-11-01 11:09:56,0,,
624143473,10109,121.4278,31.2165,6,90,2007-11-01 11:10:18,0,,
624144826,10109,121.4276,31.2158,18,135,2007-11-01 11:10:52,0,,
624145694,10109,121.4266,31.2158,24,135,2007-11-01 11:11:13,0,,
624146374,10109,121.4253,31.214,42,90,2007-11-01 11:11:29,0,,
624148870,10109,121.4256,31.2126,14,90,2007-11-01 11:12:31,0,,
624149506,10109,121.4245,31.2121,48,112,2007-11-01 11:12:47,0,,
624150190,10109,121.4216,31.2118,72,135,2007-11-01 11:13:02,0,,
624150812,10109,121.4185,31.2113,72,135,2007-11-01 11:13:18,0,,
624151446,10109,121.4158,31.211,0,135,2007-11-01 11:13:34,0,,
624153910,10109,121.4158,31.211,0,135,2007-11-01 11:14:35,0,,
624156459,10109,121.4193,31.2088,32,90,2007-11-01 11:15:39,0,,
624157119,10109,121.4191,31.2078,20,90,2007-11-01 11:15:56,0,,
624158800,10109,121.419,31.2068,34,90,2007-11-01 11:16:38,0,,
624160055,10109,121.418,31.2046,26,90,2007-11-01 11:17:09,0,,
624160760,10109,121.4176,31.2035,20,112,2007-11-01 11:17:28,0,,
624162427,10109,121.4155,31.2036,12,135,2007-11-01 11:18:09,0,,
624162516,10109,121.4153,31.2036,20,135,2007-11-01 11:18:12,1,,
624164901,10109,121.4105,31.2023,20,112,2007-11-01 11:19:13,1,,
624167332,10109,121.4075,31.2015,10,135,2007-11-01 11:20:14,1,,
624169783,10109,121.4033,31.2025,0,135,2007-11-01 11:21:14,1,,
624172228,10109,121.4013,31.2005,0,112,2007-11-01 11:22:16,1,,
624179627,10109,121.4035,31.1955,46,45,2007-11-01 11:25:19,0,,
624181636,10109,121.4048,31.1951,40,45,2007-11-01 11:26:11,0,,
624182308,10109,121.4075,31.195,58,45,2007-11-01 11:26:27,0,,
624183922,10109,121.4086,31.1948,8,45,2007-11-01 11:27:06,0,,
624184581,10109,121.4086,31.1961,52,0,2007-11-01 11:27:22,0,,
624185241,10109,121.4086,31.198,12,0,2007-11-01 11:27:38,0,,
624187060,10109,121.4096,31.198,48,45,2007-11-01 11:28:23,0,,
624187690,10109,121.4121,31.1978,56,45,2007-11-01 11:28:39,0,,
624188384,10109,121.4146,31.1976,54,45,2007-11-01 11:28:54,0,,
624189014,10109,121.417,31.1973,22,45,2007-11-01 11:29:11,0,,
624191466,10109,121.417,31.1973,0,67,2007-11-01 11:30:12,0,,
624193512,10109,121.4168,31.1981,34,0,2007-11-01 11:31:02,0,,
624194122,10109,121.4161,31.1998,50,157,2007-11-01 11:31:18,0,,
624194758,10109,121.4153,31.2016,50,0,2007-11-01 11:31:34,0,,
624195539,10109,121.4151,31.2028,20,0,2007-11-01 11:31:49,0,,
624197852,10109,121.415,31.2031,0,0,2007-11-01 11:32:51,0,,
624200294,10109,121.415,31.2031,0,0,2007-11-01 11:33:52,0,,
624202647,10109,121.415,31.2031,0,0,2007-11-01 11:34:53,0,,
624205136,10109,121.415,31.2031,0,0,2007-11-01 11:35:54,0,,
624207551,10109,121.415,31.2031,0,0,2007-11-01 11:36:54,0,,
624210059,10109,121.415,31.2031,0,0,2007-11-01 11:37:56,0,,
624212610,10109,121.415,31.2031,0,0,2007-11-01 11:38:57,0,,
624215106,10109,121.415,31.2031,0,0,2007-11-01 11:39:58,0,,
624217557,10109,121.415,31.2031,0,0,2007-11-01 11:40:59,0,,
624220030,10109,121.415,31.2031,0,0,2007-11-01 11:41:59,0,,
624222504,10109,121.415,31.2031,0,0,2007-11-01 11:43:01,0,,
624224960,10109,121.415,31.2031,0,0,2007-11-01 11:44:02,0,,
624227462,10109,121.415,31.2031,0,0,2007-11-01 11:45:03,0,,
624229926,10109,121.415,31.2031,0,0,2007-11-01 11:46:04,0,,
624232439,10109,121.415,31.2031,0,0,2007-11-01 11:47:04,0,,
624234930,10109,121.415,31.2031,0,0,2007-11-01 11:48:06,0,,
624237466,10109,121.415,31.2031,0,0,2007-11-01 11:49:07,0,,
624239920,10109,121.415,31.2031,0,0,2007-11-01 11:50:08,0,,
624242372,10109,121.415,31.2031,0,0,2007-11-01 11:51:09,0,,
624244841,10109,121.415,31.2031,0,0,2007-11-01 11:52:09,0,,
624247337,10109,121.415,31.2031,0,0,2007-11-01 11:53:11,0,,
624249795,10109,121.415,31.2031,0,0,2007-11-01 11:54:12,0,,
624252280,10109,121.415,31.2031,0,0,2007-11-01 11:55:13,0,,
624254741,10109,121.415,31.2031,0,0,2007-11-01 11:56:14,0,,
624257222,10109,121.415,31.2031,0,0,2007-11-01 11:57:14,0,,
624259703,10109,121.415,31.2031,0,0,2007-11-01 11:58:15,0,,
624262135,10109,121.4171,31.2033,34,45,2007-11-01 11:59:14,0,,
624262825,10109,121.418,31.2036,30,0,2007-11-01 11:59:31,0,,
624263518,10109,121.4181,31.205,30,0,2007-11-01 11:59:47,0,,
624264167,10109,121.4185,31.206,18,22,2007-11-01 12:00:03,0,,
624264808,10109,121.4201,31.2055,36,45,2007-11-01 12:00:19,0,,
624265521,10109,121.422,31.2048,52,45,2007-11-01 12:00:34,0,,
624266192,10109,121.424,31.2041,42,45,2007-11-01 12:00:51,0,,
624267763,10109,121.4251,31.2038,20,67,2007-11-01 12:01:29,0,,
624269978,10109,121.4246,31.2016,32,112,2007-11-01 12:02:23,0,,
624270644,10109,121.4231,31.2011,32,135,2007-11-01 12:02:39,0,,
624272046,10109,121.4208,31.2003,24,112,2007-11-01 12:03:14,0,,
624272694,10109,121.4196,31.1995,16,112,2007-11-01 12:03:31,0,,
624273468,10109,121.4206,31.2,38,22,2007-11-01 12:03:49,0,,
624274105,10109,121.4221,31.2006,32,22,2007-11-01 12:04:06,0,,
624274733,10109,121.4235,31.2011,28,22,2007-11-01 12:04:22,0,,
624275399,10109,121.425,31.2016,24,45,2007-11-01 12:04:38,0,,
624276194,10109,121.4251,31.2025,34,0,2007-11-01 12:04:57,0,,
624276840,10109,121.4253,31.2038,26,0,2007-11-01 12:05:13,0,,
624277651,10109,121.4255,31.2048,18,0,2007-11-01 12:05:33,0,,
624278644,10109,121.4248,31.2051,34,135,2007-11-01 12:05:57,0,,
624279303,10109,121.4233,31.2056,26,157,2007-11-01 12:06:13,0,,
624279961,10109,121.4218,31.2061,38,135,2007-11-01 12:06:29,0,,
624280967,10109,121.4205,31.2066,34,157,2007-11-01 12:06:44,0,,
624281306,10109,121.4193,31.2073,14,157,2007-11-01 12:07:01,0,,
624282502,10109,121.4185,31.2078,30,157,2007-11-01 12:07:31,0,,
624283199,10109,121.4171,31.2083,32,157,2007-11-01 12:07:47,0,,
624283973,10109,121.4161,31.2088,24,157,2007-11-01 12:08:06,0,,
624284825,10109,121.4151,31.2086,28,112,2007-11-01 12:08:47,0,,
624285403,10109,121.4135,31.2075,36,135,2007-11-01 12:09:19,0,,
624285720,10109,121.4126,31.2083,42,157,2007-11-01 12:09:34,0,,
624287068,10109,121.4158,31.2093,26,90,2007-11-01 12:10:39,0,,
624287605,10109,121.4163,31.2086,34,67,2007-11-01 12:11:02,0,,
624288036,10109,121.4176,31.208,34,67,2007-11-01 12:11:18,0,,
624289913,10109,121.4186,31.2075,18,45,2007-11-01 12:12:12,0,,
624290594,10109,121.4196,31.207,30,67,2007-11-01 12:12:29,0,,
624291243,10109,121.4208,31.2065,26,67,2007-11-01 12:12:44,0,,
624291897,10109,121.4223,31.206,46,45,2007-11-01 12:13:01,0,,
624292516,10109,121.4238,31.2055,40,45,2007-11-01 12:13:17,0,,
624293304,10109,121.4255,31.2051,18,22,2007-11-01 12:13:33,0,,
624293827,10109,121.425,31.206,32,157,2007-11-01 12:13:49,0,,
624294434,10109,121.4245,31.2071,18,0,2007-11-01 12:14:04,0,,
624295150,10109,121.4245,31.2075,20,0,2007-11-01 12:14:23,1,,
624299965,10109,121.4245,31.2116,0,112,2007-11-01 12:16:24,1,,
624302389,10109,121.4258,31.214,0,22,2007-11-01 12:17:26,1,,
624304830,10109,121.4286,31.216,26,45,2007-11-01 12:18:27,1,,
624307329,10109,121.4961,31.1365,0,90,2007-11-01 12:19:27,1,,
624309825,10109,121.4961,31.1365,0,90,2007-11-01 12:20:28,1,,
624312247,10109,121.4961,31.1365,0,90,2007-11-01 12:21:29,1,,
624314659,10109,121.432,31.2228,10,22,2007-11-01 12:22:30,1,,
624317092,10109,121.436,31.2243,30,22,2007-11-01 12:23:31,1,,
624318321,10109,121.4378,31.2258,14,22,2007-11-01 12:24:03,0,,
624318952,10109,121.4378,31.2258,0,22,2007-11-01 12:24:19,0,,
624321387,10109,121.4381,31.2261,0,45,2007-11-01 12:25:19,0,,
624324580,10109,121.4385,31.2265,14,22,2007-11-01 12:26:20,0,,
624327616,10109,121.4425,31.229,28,22,2007-11-01 12:27:55,0,,
624328865,10109,121.4456,31.2303,56,22,2007-11-01 12:28:27,0,,
624329675,10109,121.4466,31.231,18,157,2007-11-01 12:28:43,0,,
624330122,10109,121.4465,31.2311,16,157,2007-11-01 12:28:58,1,,
624332506,10109,121.4433,31.2348,16,157,2007-11-01 12:29:59,1,,
624334928,10109,121.4423,31.2361,18,157,2007-11-01 12:30:59,1,,
624337371,10109,121.441,31.2373,8,157,2007-11-01 12:32:00,1,,
624339807,10109,121.4381,31.2365,0,135,2007-11-01 12:33:01,1,,
624344760,10109,121.433,31.2353,34,157,2007-11-01 12:35:03,1,,
624347201,10109,121.4315,31.2373,0,157,2007-11-01 12:36:04,1,,
624349644,10109,121.4291,31.237,26,135,2007-11-01 12:37:05,1,,
624351257,10109,121.4273,31.237,16,135,2007-11-01 12:37:47,0,,
624351876,10109,121.427,31.237,18,135,2007-11-01 12:38:02,0,,
624354304,10109,121.4266,31.237,0,135,2007-11-01 12:39:03,0,,
624356352,10109,121.4268,31.2378,40,22,2007-11-01 12:39:53,0,,
624356984,10109,121.4281,31.2391,46,22,2007-11-01 12:40:09,0,,
624357635,10109,121.4295,31.2395,16,22,2007-11-01 12:40:25,0,,
624359756,10109,121.4306,31.2396,26,22,2007-11-01 12:41:18,0,,
624360759,10109,121.4316,31.2395,12,67,2007-11-01 12:41:44,0,,
624363128,10109,121.4325,31.239,0,67,2007-11-01 12:42:45,0,,
624365513,10109,121.4325,31.239,0,67,2007-11-01 12:43:46,0,,
624366931,10109,121.4335,31.2386,26,67,2007-11-01 12:44:21,1,,
624369338,10109,121.437,31.2338,18,90,2007-11-01 12:45:21,1,,
624371808,10109,121.4376,31.2321,0,67,2007-11-01 12:46:22,1,,
624374222,10109,121.4393,31.2286,32,67,2007-11-01 12:47:23,1,,
624376623,10109,121.4396,31.2281,0,67,2007-11-01 12:48:24,1,,
624379041,10109,121.4406,31.2281,36,22,2007-11-01 12:49:25,1,,
624381459,10109,121.4416,31.2286,0,22,2007-11-01 12:50:26,1,,
624384215,10109,121.446,31.2305,10,22,2007-11-01 12:51:38,0,,
624386446,10109,121.446,31.2318,32,157,2007-11-01 12:52:31,0,,
624386911,10109,121.4455,31.2328,20,0,2007-11-01 12:52:47,0,,
624387694,10109,121.4448,31.2336,20,157,2007-11-01 12:53:06,0,,
624389314,10109,121.4438,31.2343,22,157,2007-11-01 12:53:48,0,,
624390467,10109,121.4431,31.2351,16,157,2007-11-01 12:54:17,0,,
624391364,10109,121.4423,31.236,20,157,2007-11-01 12:54:39,0,,
624392926,10109,121.4415,31.2368,8,135,2007-11-01 12:55:18,0,,
624393200,10109,121.4411,31.2368,14,157,2007-11-01 12:55:24,1,,
624395620,10109,121.4451,31.2388,0,22,2007-11-01 12:56:25,1,,
624398067,10109,121.4451,31.2388,0,22,2007-11-01 12:57:26,1,,
624400515,10109,121.4426,31.2416,26,157,2007-11-01 12:58:27,1,,
624402977,10109,121.4416,31.2428,0,157,2007-11-01 12:59:28,1,,
624407840,10109,121.4375,31.2473,30,157,2007-11-01 13:01:30,1,,
624410271,10109,121.4335,31.2505,54,135,2007-11-01 13:02:31,1,,
624412662,10109,121.428,31.2525,20,157,2007-11-01 13:03:32,1,,
624416149,10109,121.4261,31.2553,2,112,2007-11-01 13:05:00,0,,
624416953,10109,121.4261,31.2553,10,112,2007-11-01 13:05:21,0,,
624419342,10109,121.4253,31.2546,0,112,2007-11-01 13:06:22,0,,
624420938,10109,121.4243,31.2541,18,112,2007-11-01 13:07:03,0,,
624421582,10109,121.4233,31.2535,8,112,2007-11-01 13:07:19,0,,
624423431,10109,121.4223,31.2528,28,112,2007-11-01 13:08:08,0,,
624424049,10109,121.4208,31.2523,42,112,2007-11-01 13:08:24,0,,
624425492,10109,121.4196,31.2518,12,112,2007-11-01 13:09:02,0,,
624426486,10109,121.4186,31.2513,30,112,2007-11-01 13:09:28,0,,
624427080,10109,121.4171,31.2505,38,112,2007-11-01 13:09:44,0,,
624427695,10109,121.4161,31.2496,10,112,2007-11-01 13:10:00,0,,
624428498,10109,121.4151,31.2491,26,135,2007-11-01 13:10:21,0,,
624429088,10109,121.4136,31.2491,36,135,2007-11-01 13:10:37,0,,
624429686,10109,121.4123,31.2488,4,135,2007-11-01 13:10:53,0,,
624432043,10109,121.4123,31.2488,0,135,2007-11-01 13:11:54,0,,
624434866,10109,121.4085,31.2476,18,112,2007-11-01 13:13:08,1,,
624437165,10109,121.4085,31.2475,0,90,2007-11-01 13:14:09,1,,
624439491,10109,121.4085,31.247,24,67,2007-11-01 13:15:10,1,,
624441705,10109,121.4135,31.2441,16,67,2007-11-01 13:16:11,1,,
624443988,10109,121.4136,31.244,0,45,2007-11-01 13:17:12,1,,
624446266,10109,121.4136,31.244,0,45,2007-11-01 13:18:13,1,,
624448523,10109,121.4136,31.244,0,67,2007-11-01 13:19:14,1,,
624450774,10109,121.419,31.2456,44,22,2007-11-01 13:20:15,1,,
624453090,10109,121.423,31.2476,36,22,2007-11-01 13:21:16,1,,
624455295,10109,121.4273,31.2511,48,22,2007-11-01 13:22:17,1,,
624460563,10109,121.445,31.26,76,45,2007-11-01 13:24:19,1,,
624462166,10109,121.4551,31.262,50,45,2007-11-01 13:25:20,1,,
624464433,10109,121.458,31.261,12,67,2007-11-01 13:26:21,1,,
624466678,10109,121.4586,31.2593,18,90,2007-11-01 13:27:22,1,,
624468970,10109,121.459,31.2571,28,90,2007-11-01 13:28:23,1,,
624471209,10109,121.4588,31.253,36,90,2007-11-01 13:29:24,1,,
624473479,10109,121.4576,31.2478,46,90,2007-11-01 13:30:25,1,,
624475768,10109,121.4588,31.242,50,90,2007-11-01 13:31:26,1,,
624478051,10109,121.4618,31.2348,28,90,2007-11-01 13:32:27,1,,
624480261,10109,121.4631,31.2271,60,67,2007-11-01 13:33:28,1,,
624482518,10109,121.4715,31.229,72,22,2007-11-01 13:34:29,1,,
624483999,10109,121.4745,31.2293,18,67,2007-11-01 13:35:08,0,,
624484556,10109,121.4748,31.2286,30,67,2007-11-01 13:35:24,0,,
624485219,10109,121.4758,31.2286,32,22,2007-11-01 13:35:41,0,,
624487478,10109,121.4768,31.2293,12,0,2007-11-01 13:36:42,0,,
624489540,10109,121.4776,31.2298,20,22,2007-11-01 13:37:38,0,,
624491615,10109,121.4788,31.2303,22,22,2007-11-01 13:38:35,0,,
624492277,10109,121.4798,31.2308,24,22,2007-11-01 13:38:52,0,,
624492935,10109,121.4808,31.2313,20,22,2007-11-01 13:39:09,0,,
624495124,10109,121.4818,31.2318,0,45,2007-11-01 13:40:10,0,,
624497311,10109,121.4821,31.2315,0,90,2007-11-01 13:41:11,0,,
624499492,10109,121.4821,31.2315,0,90,2007-11-01 13:42:12,0,,
624501720,10109,121.4821,31.2311,0,90,2007-11-01 13:43:13,0,,
624503921,10109,121.4821,31.2311,0,90,2007-11-01 13:44:14,0,,
624506033,10109,121.4826,31.2308,24,45,2007-11-01 13:45:15,0,,
624506607,10109,121.4843,31.2311,38,45,2007-11-01 13:45:31,0,,
624507360,10109,121.485,31.2313,20,45,2007-11-01 13:45:53,1,,
624509526,10109,121.4891,31.2311,0,45,2007-11-01 13:46:54,1,,
624511725,10109,121.4891,31.2311,0,45,2007-11-01 13:47:55,1,,
624513858,10109,121.4905,31.2315,0,22,2007-11-01 13:48:56,1,,
624516086,10109,121.4906,31.232,34,157,2007-11-01 13:49:57,1,,
624518321,10109,121.4865,31.237,42,157,2007-11-01 13:50:58,1,,
624520594,10109,121.4856,31.2418,52,0,2007-11-01 13:51:59,1,,
624522810,10109,121.4853,31.246,0,135,2007-11-01 13:53:00,1,,
624525042,10109,121.4836,31.2465,10,135,2007-11-01 13:54:01,1,,
624527279,10109,121.4831,31.2471,0,0,2007-11-01 13:55:02,1,,
624528516,10109,121.4835,31.2475,0,45,2007-11-01 13:55:34,0,,
624530817,10109,121.4835,31.2475,20,135,2007-11-01 13:56:34,0,,
624531975,10109,121.4823,31.2471,22,135,2007-11-01 13:57:06,0,,
624534265,10109,121.4818,31.2471,0,135,2007-11-01 13:58:07,0,,
624535202,10109,121.4806,31.2468,26,112,2007-11-01 13:58:32,0,,
624535815,10109,121.4795,31.2461,22,112,2007-11-01 13:58:48,0,,
624537197,10109,121.4785,31.2456,12,135,2007-11-01 13:59:24,0,,
624538502,10109,121.4771,31.2455,12,135,2007-11-01 13:59:59,0,,
624540189,10109,121.4771,31.2455,16,45,2007-11-01 14:00:43,1,,
624549230,10109,121.4828,31.2473,6,45,2007-11-01 14:04:48,1,,
624551509,10109,121.4831,31.2455,8,67,2007-11-01 14:05:49,1,,
624553815,10109,121.4855,31.2433,10,90,2007-11-01 14:06:50,1,,
624556101,10109,121.4856,31.2388,22,90,2007-11-01 14:07:51,1,,
624558316,10109,121.486,31.2375,0,90,2007-11-01 14:08:52,1,,
624560559,10109,121.486,31.2375,0,67,2007-11-01 14:09:53,1,,
624565062,10109,121.487,31.236,0,67,2007-11-01 14:11:55,1,,
624567274,10109,121.4873,31.2351,6,90,2007-11-01 14:12:56,1,,
624569549,10109,121.4898,31.2325,44,67,2007-11-01 14:13:57,1,,
624571778,10109,121.495,31.2278,4,67,2007-11-01 14:14:58,1,,
624574028,10109,121.4951,31.2273,12,112,2007-11-01 14:15:59,1,,
624574996,10109,121.4935,31.227,10,135,2007-11-01 14:16:25,0,,
624575643,10109,121.4935,31.227,0,135,2007-11-01 14:16:41,0,,
624577004,10109,121.4933,31.227,20,135,2007-11-01 14:17:20,1,,
624579237,10109,121.4911,31.2298,12,157,2007-11-01 14:18:21,1,,
624581501,10109,121.49,31.231,12,135,2007-11-01 14:19:22,1,,
624583721,10109,121.4903,31.2315,0,22,2007-11-01 14:20:23,1,,
624585945,10109,121.4903,31.2315,0,22,2007-11-01 14:21:24,1,,
624588160,10109,121.4883,31.2341,32,157,2007-11-01 14:22:25,1,,
624590417,10109,121.4856,31.24,56,0,2007-11-01 14:23:26,1,,
624592651,10109,121.4848,31.2461,64,0,2007-11-01 14:24:27,1,,
624594860,10109,121.4853,31.2511,24,0,2007-11-01 14:25:28,1,,
624597129,10109,121.4845,31.2526,0,157,2007-11-01 14:26:29,1,,
624599331,10109,121.4845,31.2526,0,157,2007-11-01 14:27:30,1,,
624603864,10109,121.4846,31.2621,12,0,2007-11-01 14:29:32,1,,
624606128,10109,121.4845,31.2623,0,0,2007-11-01 14:30:33,1,,
624608420,10109,121.4833,31.2645,18,157,2007-11-01 14:31:34,1,,
624610669,10109,121.4808,31.2655,0,135,2007-11-01 14:32:35,1,,
624612900,10109,121.4796,31.2655,10,135,2007-11-01 14:33:36,1,,
624615172,10109,121.479,31.2663,22,157,2007-11-01 14:34:37,1,,
624616851,10109,121.4765,31.2673,10,0,2007-11-01 14:35:22,0,,
624617425,10109,121.4766,31.2671,4,90,2007-11-01 14:35:37,0,,
624619775,10109,121.4758,31.2675,0,135,2007-11-01 14:36:38,0,,
624621920,10109,121.4751,31.2668,40,90,2007-11-01 14:37:35,0,,
624622554,10109,121.475,31.2645,72,90,2007-11-01 14:37:51,0,,
624623153,10109,121.4745,31.2625,26,112,2007-11-01 14:38:07,0,,
624623936,10109,121.474,31.2616,26,112,2007-11-01 14:38:28,0,,
624624551,10109,121.4733,31.2606,38,90,2007-11-01 14:38:44,0,,
624656378,10109,121.4733,31.231,0,67,2007-11-01 14:53:06,1,,
624658595,10109,121.4756,31.2271,10,67,2007-11-01 14:54:07,1,,
624662953,10109,121.4735,31.225,18,90,2007-11-01 14:56:08,0,,
624664321,10109,121.4738,31.224,18,112,2007-11-01 14:56:46,0,,
624664838,10109,121.4735,31.224,18,135,2007-11-01 14:57:00,1,,
624667065,10109,121.4713,31.2226,28,135,2007-11-01 14:58:00,1,,
624669289,10109,121.4708,31.2225,10,90,2007-11-01 14:59:01,1,,
624671494,10109,121.4715,31.2195,46,90,2007-11-01 15:00:02,1,,
624673773,10109,121.4678,31.2173,16,135,2007-11-01 15:01:03,1,,
624676039,10109,121.4673,31.2173,0,135,2007-11-01 15:02:04,1,,
624678334,10109,121.466,31.2171,34,112,2007-11-01 15:03:05,1,,
624680636,10109,121.4668,31.2126,58,67,2007-11-01 15:04:06,1,,
624682923,10109,121.4666,31.2091,44,90,2007-11-01 15:05:07,1,,
624685228,10109,121.4616,31.2065,68,112,2007-11-01 15:06:08,1,,
624687528,10109,121.4578,31.2051,4,157,2007-11-01 15:07:09,1,,
624689799,10109,121.454,31.2043,0,112,2007-11-01 15:08:10,1,,
624692070,10109,121.4521,31.2036,24,135,2007-11-01 15:09:11,1,,
624694337,10109,121.4468,31.2018,8,135,2007-11-01 15:10:12,1,,
624696655,10109,121.4445,31.201,38,112,2007-11-01 15:11:13,1,,
624698939,10109,121.4426,31.2001,42,112,2007-11-01 15:12:14,1,,
624701215,10109,121.4363,31.197,18,112,2007-11-01 15:13:15,1,,
624703489,10109,121.4356,31.1965,0,112,2007-11-01 15:14:16,1,,
624705785,10109,121.4355,31.1965,8,112,2007-11-01 15:15:17,1,,
624708117,10109,121.4346,31.196,0,112,2007-11-01 15:16:18,1,,
624710476,10109,121.4346,31.196,0,112,2007-11-01 15:17:19,1,,
624712794,10109,121.4338,31.1953,24,90,2007-11-01 15:18:20,1,,
624715149,10109,121.4325,31.1911,36,90,2007-11-01 15:19:21,1,,
624717495,10109,121.4311,31.188,26,135,2007-11-01 15:20:16,0,,
624717913,10109,121.431,31.1881,0,0,2007-11-01 15:20:32,0,,
624719667,10109,121.4298,31.1885,40,157,2007-11-01 15:21:18,0,,
624720284,10109,121.4283,31.189,30,135,2007-11-01 15:21:34,0,,
624720962,10109,121.4268,31.1893,42,135,2007-11-01 15:21:50,0,,
624721579,10109,121.4253,31.19,20,157,2007-11-01 15:22:06,0,,
624723257,10109,121.4251,31.1908,14,22,2007-11-01 15:22:52,0,,
624725559,10109,121.4256,31.1916,26,22,2007-11-01 15:23:53,0,,
624726183,10109,121.4265,31.193,32,22,2007-11-01 15:24:09,0,,
624730134,10109,121.4273,31.1945,24,22,2007-11-01 15:25:53,0,,
624730797,10109,121.4278,31.1953,22,22,2007-11-01 15:26:10,0,,
624731474,10109,121.4283,31.1963,22,22,2007-11-01 15:26:28,0,,
624732420,10109,121.429,31.1973,34,22,2007-11-01 15:26:52,0,,
624733301,10109,121.4298,31.1985,38,22,2007-11-01 15:27:08,0,,
624733642,10109,121.431,31.1991,18,22,2007-11-01 15:27:24,0,,
624736005,10109,121.4315,31.1996,0,22,2007-11-01 15:28:25,0,,
624738179,10109,121.4321,31.2003,32,0,2007-11-01 15:29:21,0,,
624738886,10109,121.4316,31.2021,52,0,2007-11-01 15:29:37,0,,
624739631,10109,121.4313,31.2031,16,157,2007-11-01 15:29:59,0,,
624740984,10109,121.4318,31.2048,46,22,2007-11-01 15:30:35,0,,
624743887,10109,121.4338,31.2061,36,22,2007-11-01 15:31:50,0,,
624745204,10109,121.4366,31.2078,44,22,2007-11-01 15:32:22,0,,
624745768,10109,121.4378,31.2086,18,22,2007-11-01 15:32:38,0,,
624748942,10109,121.439,31.209,10,67,2007-11-01 15:34:02,1,,
624751270,10109,121.4405,31.2058,20,67,2007-11-01 15:35:03,1,,
624753522,10109,121.44,31.204,10,135,2007-11-01 15:36:04,1,,
624755888,10109,121.4378,31.2011,26,112,2007-11-01 15:37:05,1,,
624758438,10109,121.4365,31.1973,32,67,2007-11-01 15:38:06,1,,
624760573,10109,121.4365,31.1946,16,90,2007-11-01 15:39:07,1,,
624762930,10109,121.437,31.1941,0,45,2007-11-01 15:40:08,1,,
624765289,10109,121.4375,31.1926,14,90,2007-11-01 15:41:09,1,,
624767657,10109,121.4375,31.1925,0,90,2007-11-01 15:42:10,1,,
624770042,10109,121.4373,31.1896,42,90,2007-11-01 15:43:11,1,,
624772452,10109,121.4383,31.1871,0,90,2007-11-01 15:44:12,1,,
624774887,10109,121.4386,31.1863,40,90,2007-11-01 15:45:13,1,,
624777221,10109,121.4383,31.1815,42,112,2007-11-01 15:46:14,1,,
624779627,10109,121.4338,31.1756,0,112,2007-11-01 15:47:15,1,,
624782034,10109,121.4338,31.1756,0,112,2007-11-01 15:48:16,1,,
624784078,10109,121.4386,31.1783,0,67,2007-11-01 15:49:09,0,,
624784700,10109,121.4386,31.1783,0,67,2007-11-01 15:49:25,0,,
624785645,10109,121.4393,31.1775,52,67,2007-11-01 15:49:49,0,,
624786261,10109,121.44,31.1765,8,90,2007-11-01 15:50:05,0,,
624788691,10109,121.44,31.1763,0,90,2007-11-01 15:51:06,0,,
624798546,10109,121.4463,31.1743,20,67,2007-11-01 15:55:11,0,,
624799225,10109,121.4473,31.1745,38,22,2007-11-01 15:55:28,0,,
624799931,10109,121.448,31.1755,12,0,2007-11-01 15:55:44,0,,
624800796,10109,121.448,31.176,26,0,2007-11-01 15:56:08,1,,
624803289,10109,121.4476,31.1828,42,0,2007-11-01 15:57:08,1,,
624805756,10109,121.448,31.1836,0,0,2007-11-01 15:58:09,1,,
624808193,10109,121.4468,31.185,0,112,2007-11-01 15:59:10,1,,
624811116,10109,121.4453,31.185,0,157,2007-11-01 16:00:24,0,,
624813526,10109,121.4458,31.1845,16,22,2007-11-01 16:01:25,0,,
624814855,10109,121.4468,31.1848,14,22,2007-11-01 16:01:58,0,,
624815694,10109,121.447,31.1856,38,157,2007-11-01 16:02:20,0,,
624816356,10109,121.4463,31.1866,22,157,2007-11-01 16:02:36,0,,
624817638,10109,121.447,31.1873,48,22,2007-11-01 16:03:08,0,,
624818270,10109,121.4488,31.1878,40,45,2007-11-01 16:03:24,0,,
624818906,10109,121.4506,31.1885,30,45,2007-11-01 16:03:40,0,,
624821305,10109,121.4513,31.1881,0,22,2007-11-01 16:04:41,0,,
624823072,10109,121.4526,31.1886,52,22,2007-11-01 16:05:27,0,,
624823703,10109,121.4543,31.1895,22,67,2007-11-01 16:05:43,0,,
624825936,10109,121.4545,31.189,14,157,2007-11-01 16:06:41,1,,
624828653,10109,121.4541,31.1896,8,135,2007-11-01 16:07:41,1,,
624830686,10109,121.452,31.189,8,135,2007-11-01 16:08:42,1,,
624833110,10109,121.4506,31.1923,14,22,2007-11-01 16:09:43,1,,
624835559,10109,121.4525,31.1935,22,22,2007-11-01 16:10:44,1,,
624837991,10109,121.4513,31.1971,0,157,2007-11-01 16:11:45,1,,
624840430,10109,121.4515,31.1975,0,157,2007-11-01 16:12:46,1,,
624842865,10109,121.4505,31.1991,6,157,2007-11-01 16:13:47,1,,
624845280,10109,121.4496,31.2003,12,157,2007-11-01 16:14:48,1,,
624847737,10109,121.449,31.2018,0,157,2007-11-01 16:15:49,1,,
624852490,10109,121.4485,31.2038,0,0,2007-11-01 16:17:51,1,,
624854921,10109,121.4485,31.2038,0,0,2007-11-01 16:18:52,1,,
624857343,10109,121.4481,31.205,0,0,2007-11-01 16:19:53,1,,
624859790,10109,121.448,31.206,0,0,2007-11-01 16:20:54,1,,
624862182,10109,121.4478,31.2073,14,0,2007-11-01 16:21:55,1,,
624864605,10109,121.4476,31.2075,0,0,2007-11-01 16:22:56,1,,
624866643,10109,121.4473,31.209,0,0,2007-11-01 16:23:47,0,,
624867262,10109,121.4473,31.209,0,0,2007-11-01 16:24:02,0,,
624869685,10109,121.4471,31.2096,34,0,2007-11-01 16:25:03,0,,
624870360,10109,121.4473,31.2108,20,22,2007-11-01 16:25:19,0,,
624872687,10109,121.4485,31.2115,6,45,2007-11-01 16:26:16,0,,
624875138,10109,121.4485,31.2116,0,0,2007-11-01 16:27:17,0,,
624877553,10109,121.4485,31.2116,0,0,2007-11-01 16:28:18,0,,
624879935,10109,121.4485,31.2116,0,0,2007-11-01 16:29:19,0,,
624882348,10109,121.4485,31.2116,0,0,2007-11-01 16:30:20,0,,
624882619,10109,121.4485,31.2116,0,0,2007-11-01 16:30:27,1,,
624885015,10109,121.45,31.2095,10,67,2007-11-01 16:31:28,1,,
624889883,10109,121.4516,31.202,0,67,2007-11-01 16:33:30,1,,
624892287,10109,121.4531,31.1998,14,67,2007-11-01 16:34:31,1,,
624894665,10109,121.4531,31.1996,0,67,2007-11-01 16:35:32,1,,
624897012,10109,121.4543,31.198,30,67,2007-11-01 16:36:33,1,,
624899404,10109,121.456,31.1951,0,67,2007-11-01 16:37:34,1,,
624901782,10109,121.4568,31.1928,16,67,2007-11-01 16:38:35,1,,
624906551,10109,121.4526,31.1895,8,135,2007-11-01 16:40:37,1,,
624908933,10109,121.4526,31.1893,0,135,2007-11-01 16:41:38,1,,
624911290,10109,121.4526,31.1893,0,135,2007-11-01 16:42:39,1,,
624913598,10109,121.4526,31.1893,0,135,2007-11-01 16:43:40,1,,
624918276,10109,121.4461,31.1873,0,135,2007-11-01 16:45:42,1,,
624920640,10109,121.4461,31.1873,0,135,2007-11-01 16:46:43,1,,
624923061,10109,121.4461,31.1873,0,135,2007-11-01 16:47:44,1,,
624925476,10109,121.4461,31.1873,0,135,2007-11-01 16:48:45,1,,
624930173,10109,121.4461,31.1873,0,135,2007-11-01 16:50:47,1,,
624932520,10109,121.4461,31.1873,0,135,2007-11-01 16:51:48,1,,
624935139,10109,121.44,31.1716,50,90,2007-11-01 16:52:49,1,,
624937284,10109,121.4433,31.1625,58,67,2007-11-01 16:53:50,1,,
624939610,10109,121.4448,31.1593,4,90,2007-11-01 16:54:51,1,,
624941977,10109,121.4451,31.1581,32,90,2007-11-01 16:55:52,1,,
624944340,10109,121.4453,31.1561,0,90,2007-11-01 16:56:53,1,,
624946720,10109,121.4455,31.1535,36,90,2007-11-01 16:57:54,1,,
624949157,10109,121.4456,31.1503,40,90,2007-11-01 16:58:55,1,,
624951504,10109,121.4458,31.1465,0,90,2007-11-01 16:59:56,1,,
624956095,10109,121.4481,31.138,28,90,2007-11-01 17:01:58,1,,
624958423,10109,121.4498,31.1331,84,90,2007-11-01 17:02:59,1,,
624960767,10109,121.452,31.1236,52,90,2007-11-01 17:04:00,1,,
624963057,10109,121.4521,31.1196,28,90,2007-11-01 17:05:01,1,,
624965374,10109,121.452,31.118,0,90,2007-11-01 17:06:02,1,,
624967630,10109,121.4513,31.116,18,90,2007-11-01 17:07:03,1,,
624969900,10109,121.4498,31.1108,0,90,2007-11-01 17:08:04,1,,
624972200,10109,121.4495,31.1091,0,90,2007-11-01 17:09:05,1,,
624974517,10109,121.4506,31.1085,22,45,2007-11-01 17:10:06,1,,
624975086,10109,121.4516,31.1086,0,45,2007-11-01 17:10:22,0,,
624987839,10109,121.4281,31.1056,0,135,2007-11-01 17:16:12,1,,
624990094,10109,121.4281,31.1056,0,135,2007-11-01 17:17:13,1,,
624992343,10109,121.4275,31.1055,0,135,2007-11-01 17:18:14,1,,
624994584,10109,121.4275,31.1055,0,135,2007-11-01 17:19:15,1,,
624996847,10109,121.427,31.1055,14,157,2007-11-01 17:20:16,1,,
624999093,10109,121.4258,31.1088,0,0,2007-11-01 17:21:17,1,,
624999548,10109,121.4258,31.1088,8,0,2007-11-01 17:21:31,0,,
625001898,10109,121.4255,31.1096,18,0,2007-11-01 17:22:36,1,,
625004588,10109,121.4236,31.115,6,0,2007-11-01 17:23:36,1,,
625006832,10109,121.4235,31.1156,0,0,2007-11-01 17:24:37,1,,
625008532,10109,121.423,31.1166,0,0,2007-11-01 17:25:38,1,,
625010682,10109,121.4228,31.1175,18,0,2007-11-01 17:26:39,1,,
625013768,10109,121.4226,31.118,0,157,2007-11-01 17:27:40,1,,
625015030,10109,121.4211,31.1223,24,0,2007-11-01 17:28:41,1,,
625016995,10109,121.421,31.1231,0,0,2007-11-01 17:29:36,1,,
625019115,10109,121.419,31.126,42,157,2007-11-01 17:30:37,1,,
625021255,10109,121.4166,31.1293,0,157,2007-11-01 17:31:38,1,,
625023399,10109,121.416,31.1303,20,157,2007-11-01 17:32:39,1,,
625025565,10109,121.4145,31.1325,0,157,2007-11-01 17:33:40,1,,
625027713,10109,121.4145,31.1325,0,157,2007-11-01 17:34:41,1,,
625029851,10109,121.4135,31.134,22,157,2007-11-01 17:35:42,1,,
625031995,10109,121.412,31.1363,50,0,2007-11-01 17:36:43,1,,
625034059,10109,121.4095,31.1386,14,157,2007-11-01 17:37:44,1,,
625038776,10109,121.4048,31.1471,0,157,2007-11-01 17:39:46,1,,
625040522,10109,121.4045,31.1478,0,0,2007-11-01 17:40:47,1,,
625042641,10109,121.4045,31.1478,0,0,2007-11-01 17:41:48,1,,
625046947,10109,121.4038,31.1483,30,135,2007-11-01 17:43:50,1,,
625050807,10109,121.3951,31.1451,10,0,2007-11-01 17:45:43,0,,
625051357,10109,121.3951,31.1451,0,0,2007-11-01 17:45:59,0,,
625053460,10109,121.3955,31.1445,38,90,2007-11-01 17:47:00,0,,
625054023,10109,121.3961,31.1426,44,90,2007-11-01 17:47:16,0,,
625056169,10109,121.3963,31.142,14,90,2007-11-01 17:48:17,0,,
625056719,10109,121.3968,31.141,36,67,2007-11-01 17:48:33,0,,
625057262,10109,121.3976,31.1395,48,67,2007-11-01 17:48:49,0,,
625057834,10109,121.3981,31.1385,0,90,2007-11-01 17:49:05,0,,
625059922,10109,121.3981,31.1385,0,67,2007-11-01 17:50:06,0,,
625060717,10109,121.3991,31.1388,40,22,2007-11-01 17:50:29,0,,
625061273,10109,121.4006,31.14,52,22,2007-11-01 17:50:45,0,,
625061827,10109,121.4018,31.1415,40,0,2007-11-01 17:51:01,0,,
625062359,10109,121.4016,31.1426,26,0,2007-11-01 17:51:17,0,,
625063117,10109,121.4013,31.1436,26,0,2007-11-01 17:51:38,0,,
625063740,10109,121.402,31.1443,36,22,2007-11-01 17:51:56,0,,
625064286,10109,121.4038,31.1448,32,45,2007-11-01 17:52:12,0,,
625064949,10109,121.4048,31.1451,30,22,2007-11-01 17:52:30,0,,
625066072,10109,121.4061,31.1436,0,67,2007-11-01 17:53:02,0,,
625067678,10109,121.4065,31.1428,30,67,2007-11-01 17:53:48,0,,
625069810,10109,121.407,31.1428,0,67,2007-11-01 17:54:49,0,,
625070596,10109,121.4078,31.1431,48,22,2007-11-01 17:55:12,0,,
625071115,10109,121.4096,31.1446,60,22,2007-11-01 17:55:28,0,,
625071701,10109,121.4113,31.1463,60,22,2007-11-01 17:55:44,0,,
625072282,10109,121.413,31.148,42,22,2007-11-01 17:56:00,0,,
625072842,10109,121.414,31.1488,32,22,2007-11-01 17:56:16,0,,
625073481,10109,121.4153,31.1501,64,22,2007-11-01 17:56:32,0,,
625073979,10109,121.4171,31.1518,64,22,2007-11-01 17:56:48,0,,
625074520,10109,121.4188,31.1535,38,22,2007-11-01 17:57:04,0,,
625076678,10109,121.419,31.1535,0,0,2007-11-01 17:58:05,0,,
625078294,10109,121.4198,31.1543,44,22,2007-11-01 17:58:50,0,,
625078884,10109,121.422,31.1563,84,22,2007-11-01 17:59:06,0,,
625079423,10109,121.424,31.1583,46,22,2007-11-01 17:59:22,0,,
625080505,10109,121.4248,31.1588,12,67,2007-11-01 17:59:52,0,,
625081064,10109,121.426,31.1576,40,67,2007-11-01 18:00:08,0,,
625081613,10109,121.4278,31.1563,58,67,2007-11-01 18:00:24,0,,
625082188,10109,121.429,31.1553,10,67,2007-11-01 18:00:40,0,,
625084394,10109,121.4293,31.1551,0,67,2007-11-01 18:01:41,0,,
625085492,10109,121.4296,31.1545,32,112,2007-11-01 18:02:12,0,,
625086067,10109,121.429,31.1538,24,112,2007-11-01 18:02:28,0,,
625086721,10109,121.4281,31.1535,32,157,2007-11-01 18:02:46,0,,
625088887,10109,121.4275,31.1541,0,0,2007-11-01 18:03:47,0,,
625091096,10109,121.4273,31.1541,0,0,2007-11-01 18:04:48,0,,
625093310,10109,121.4273,31.1541,0,0,2007-11-01 18:05:49,0,,
625095543,10109,121.4273,31.1541,0,0,2007-11-01 18:06:50,0,,
625097729,10109,121.4273,31.1541,0,0,2007-11-01 18:07:51,0,,
625099921,10109,121.4273,31.1541,0,0,2007-11-01 18:08:52,0,,
625102097,10109,121.4275,31.1541,0,0,2007-11-01 18:09:53,0,,
625104273,10109,121.4275,31.1541,0,0,2007-11-01 18:10:54,0,,
625106484,10109,121.4275,31.1541,0,0,2007-11-01 18:11:55,0,,
625108713,10109,121.4276,31.154,0,0,2007-11-01 18:12:56,0,,
625110890,10109,121.4275,31.154,0,0,2007-11-01 18:13:57,0,,
625113117,10109,121.4275,31.1541,0,0,2007-11-01 18:14:58,0,,
625115312,10109,121.4275,31.1541,0,0,2007-11-01 18:15:58,0,,
625119701,10109,121.4276,31.154,0,0,2007-11-01 18:18:01,0,,
625121923,10109,121.4276,31.1541,0,0,2007-11-01 18:19:02,0,,
625124164,10109,121.4275,31.1541,0,0,2007-11-01 18:20:03,0,,
625126380,10109,121.4275,31.1541,0,0,2007-11-01 18:21:03,0,,
625128557,10109,121.4275,31.1541,0,0,2007-11-01 18:22:05,0,,
625130753,10109,121.4275,31.1541,0,0,2007-11-01 18:23:06,0,,
625132929,10109,121.4275,31.1541,0,0,2007-11-01 18:24:07,0,,
625135111,10109,121.4275,31.1541,0,0,2007-11-01 18:25:08,0,,
625137256,10109,121.4275,31.1541,0,0,2007-11-01 18:26:08,0,,
625139420,10109,121.4275,31.1541,0,0,2007-11-01 18:27:10,0,,
625141648,10109,121.4275,31.1541,0,0,2007-11-01 18:28:11,0,,
625143886,10109,121.4276,31.1543,0,0,2007-11-01 18:29:12,0,,
625146103,10109,121.4276,31.1543,0,0,2007-11-01 18:30:13,0,,
625148331,10109,121.4276,31.1543,0,0,2007-11-01 18:31:13,0,,
625150552,10109,121.4276,31.1543,0,0,2007-11-01 18:32:15,0,,
625152724,10109,121.4276,31.1543,0,0,2007-11-01 18:33:16,0,,
625154932,10109,121.4276,31.1543,0,0,2007-11-01 18:34:17,0,,
625159432,10109,121.4276,31.1543,0,0,2007-11-01 18:36:18,0,,
625161616,10109,121.4276,31.1545,0,0,2007-11-01 18:37:20,0,,
625163824,10109,121.4276,31.1545,0,0,2007-11-01 18:38:21,0,,
625166089,10109,121.4276,31.1545,0,0,2007-11-01 18:39:22,0,,
625168997,10109,121.4265,31.1548,26,112,2007-11-01 18:40:41,0,,
625169860,10109,121.4256,31.1541,14,112,2007-11-01 18:41:03,0,,
625172109,10109,121.4256,31.154,0,112,2007-11-01 18:42:05,0,,
625174347,10109,121.4256,31.154,0,112,2007-11-01 18:43:06,0,,
625176628,10109,121.4256,31.154,0,112,2007-11-01 18:44:07,0,,
625177563,10109,121.4255,31.1538,16,112,2007-11-01 18:44:32,1,,
625179827,10109,121.4265,31.152,28,67,2007-11-01 18:45:33,1,,
625182119,10109,121.4241,31.149,0,112,2007-11-01 18:46:33,1,,
625184452,10109,121.4211,31.1518,64,157,2007-11-01 18:47:34,1,,
625187127,10109,121.4171,31.1523,58,112,2007-11-01 18:48:36,1,,
625188943,10109,121.4093,31.145,74,112,2007-11-01 18:49:37,1,,
625191117,10109,121.4035,31.151,86,157,2007-11-01 18:50:38,1,,
625193425,10109,121.3996,31.1605,36,0,2007-11-01 18:51:38,1,,
625195682,10109,121.3985,31.1635,0,0,2007-11-01 18:52:40,1,,
625198048,10109,121.3985,31.1635,0,0,2007-11-01 18:53:41,1,,
625200270,10109,121.3975,31.1638,26,112,2007-11-01 18:54:42,1,,
625202629,10109,121.3928,31.1646,30,157,2007-11-01 18:55:43,1,,
625204856,10109,121.3913,31.1673,38,157,2007-11-01 18:56:43,1,,
625206920,10109,121.3866,31.1708,26,157,2007-11-01 18:57:45,1,,
625209192,10109,121.3851,31.1756,0,0,2007-11-01 18:58:46,1,,
625211610,10109,121.382,31.1753,30,135,2007-11-01 18:59:47,1,,
625213669,10109,121.3811,31.1781,0,157,2007-11-01 19:00:48,1,,
625215897,10109,121.381,31.1788,28,0,2007-11-01 19:01:48,1,,
625216909,10109,121.3805,31.1806,0,0,2007-11-01 19:02:16,0,,
625217578,10109,121.3805,31.1806,0,0,2007-11-01 19:02:32,0,,
625219110,10109,121.3806,31.1798,36,90,2007-11-01 19:03:16,0,,
625222491,10109,121.3806,31.1788,20,90,2007-11-01 19:04:12,0,,
625231527,10109,121.3923,31.1728,14,45,2007-11-01 19:08:51,0,,
625232159,10109,121.393,31.1723,36,90,2007-11-01 19:09:08,0,,
625232692,10109,121.3936,31.1705,50,67,2007-11-01 19:09:25,0,,
625233305,10109,121.3946,31.1688,46,67,2007-11-01 19:09:41,0,,
625234013,10109,121.396,31.1668,68,67,2007-11-01 19:09:57,0,,
625234576,10109,121.3971,31.1646,42,67,2007-11-01 19:10:13,0,,
625235713,10109,121.3976,31.1638,28,67,2007-11-01 19:10:42,0,,
625237203,10109,121.3981,31.1626,44,90,2007-11-01 19:10:58,0,,
625237335,10109,121.3993,31.16,64,67,2007-11-01 19:11:23,0,,
625237715,10109,121.3998,31.159,70,90,2007-11-01 19:11:30,0,,
625237991,10109,121.401,31.1561,88,90,2007-11-01 19:11:46,0,,
625238569,10109,121.4021,31.1533,62,90,2007-11-01 19:12:02,0,,
625239120,10109,121.4031,31.151,76,90,2007-11-01 19:12:18,0,,
625240123,10109,121.404,31.1491,26,67,2007-11-01 19:12:33,0,,
625241032,10109,121.4045,31.1485,24,45,2007-11-01 19:13:07,0,,
625241653,10109,121.406,31.1488,24,22,2007-11-01 19:13:23,0,,
625242268,10109,121.407,31.1491,28,45,2007-11-01 19:13:38,0,,
625242826,10109,121.4083,31.1496,36,45,2007-11-01 19:13:55,0,,
625243397,10109,121.4101,31.1503,38,22,2007-11-01 19:14:11,0,,
625244002,10109,121.4116,31.151,34,22,2007-11-01 19:14:27,0,,
625244615,10109,121.4128,31.15,44,67,2007-11-01 19:14:43,0,,
625246729,10109,121.4146,31.1488,24,67,2007-11-01 19:15:31,0,,
625249238,10109,121.4208,31.1555,54,22,2007-11-01 19:16:47,0,,
625249754,10109,121.4226,31.1571,56,22,2007-11-01 19:17:02,0,,
625250902,10109,121.425,31.1586,40,67,2007-11-01 19:17:34,0,,
625251517,10109,121.4271,31.1568,74,67,2007-11-01 19:17:51,0,,
625252101,10109,121.4293,31.1551,50,67,2007-11-01 19:18:06,0,,
625253339,10109,121.4291,31.154,4,112,2007-11-01 19:18:40,0,,
625255225,10109,121.429,31.1538,16,112,2007-11-01 19:19:31,1,,
625257468,10109,121.4273,31.1521,0,112,2007-11-01 19:20:31,1,,
625259727,10109,121.4291,31.1536,54,22,2007-11-01 19:21:32,1,,
625262062,10109,121.4301,31.1546,8,22,2007-11-01 19:22:33,1,,
625265293,10109,121.4283,31.156,72,157,2007-11-01 19:23:34,1,,
625266674,10109,121.4278,31.1623,78,22,2007-11-01 19:24:35,1,,
625268925,10109,121.4301,31.1718,82,0,2007-11-01 19:25:36,1,,
625271188,10109,121.4313,31.1796,38,22,2007-11-01 19:26:37,1,,
625273483,10109,121.426,31.1833,90,135,2007-11-01 19:27:38,1,,
625275777,10109,121.4168,31.1906,70,157,2007-11-01 19:28:39,1,,
625278270,10109,121.4098,31.2,42,157,2007-11-01 19:29:40,1,,
625280395,10109,121.4076,31.2063,0,157,2007-11-01 19:30:41,1,,
625282696,10109,121.4078,31.2061,0,157,2007-11-01 19:31:42,1,,
625287318,10109,121.412,31.212,0,22,2007-11-01 19:33:44,1,,
625289531,10109,121.412,31.212,0,22,2007-11-01 19:34:45,1,,
625291812,10109,121.4126,31.2168,38,0,2007-11-01 19:35:46,1,,
625294111,10109,121.4131,31.2198,0,0,2007-11-01 19:36:47,1,,
625296378,10109,121.416,31.2206,0,45,2007-11-01 19:37:48,1,,
625298655,10109,121.4201,31.223,52,22,2007-11-01 19:38:49,1,,
625303144,10109,121.4233,31.2266,12,0,2007-11-01 19:40:48,0,,
625303786,10109,121.4231,31.228,50,0,2007-11-01 19:41:04,0,,
625304371,10109,121.423,31.2298,44,0,2007-11-01 19:41:20,0,,
625305107,10109,121.423,31.2308,6,22,2007-11-01 19:41:39,0,,
625305785,10109,121.424,31.2305,26,67,2007-11-01 19:41:57,0,,
625307667,10109,121.425,31.2298,36,67,2007-11-01 19:42:45,0,,
625308282,10109,121.4265,31.2291,26,67,2007-11-01 19:43:01,0,,
625308900,10109,121.4275,31.2286,26,67,2007-11-01 19:43:17,0,,
625309522,10109,121.4286,31.2281,28,67,2007-11-01 19:43:33,0,,
625311776,10109,121.4291,31.2278,0,67,2007-11-01 19:44:34,0,,
625312831,10109,121.4291,31.2278,10,67,2007-11-01 19:45:03,1,,
625315066,10109,121.4255,31.2261,32,112,2007-11-01 19:46:03,1,,
625317374,10109,121.426,31.2218,0,90,2007-11-01 19:47:04,1,,
625319622,10109,121.4263,31.2208,32,90,2007-11-01 19:48:05,1,,
625324199,10109,121.4295,31.2133,16,67,2007-11-01 19:50:07,1,,
625326513,10109,121.4283,31.211,0,90,2007-11-01 19:51:08,1,,
625328847,10109,121.4288,31.2068,0,90,2007-11-01 19:52:09,1,,
625331233,10109,121.4308,31.2035,24,67,2007-11-01 19:53:10,1,,
625335632,10109,121.4328,31.1973,4,90,2007-11-01 19:55:05,0,,
625336235,10109,121.433,31.1975,0,90,2007-11-01 19:55:20,0,,
625338617,10109,121.433,31.1975,0,90,2007-11-01 19:56:21,0,,
625340163,10109,121.433,31.1975,0,90,2007-11-01 19:57:00,1,,
625344928,10109,121.4361,31.1956,0,90,2007-11-01 19:59:02,1,,
625347260,10109,121.4366,31.1951,0,22,2007-11-01 20:00:03,1,,
625349604,10109,121.4401,31.1981,66,22,2007-11-01 20:01:04,1,,
625351956,10109,121.446,31.2011,26,45,2007-11-01 20:02:05,1,,
625354303,10109,121.4483,31.202,0,22,2007-11-01 20:03:06,1,,
625356691,10109,121.4528,31.2035,52,45,2007-11-01 20:04:07,1,,
625359105,10109,121.457,31.2048,0,45,2007-11-01 20:05:08,1,,
625361476,10109,121.4575,31.205,16,45,2007-11-01 20:06:09,1,,
625363849,10109,121.4646,31.2071,58,45,2007-11-01 20:07:10,1,,
625366252,10109,121.4695,31.211,62,45,2007-11-01 20:08:11,1,,
625368648,10109,121.477,31.213,20,45,2007-11-01 20:09:12,1,,
625371006,10109,121.477,31.213,0,22,2007-11-01 20:10:13,1,,
625373417,10109,121.4828,31.2138,44,22,2007-11-01 20:11:14,1,,
625375527,10109,121.4845,31.215,0,0,2007-11-01 20:12:08,0,,
625376154,10109,121.4845,31.215,0,0,2007-11-01 20:12:24,0,,
625377574,10109,121.4836,31.2158,16,135,2007-11-01 20:13:00,0,,
625378306,10109,121.4826,31.2153,24,112,2007-11-01 20:13:19,0,,
625378941,10109,121.4816,31.2148,26,112,2007-11-01 20:13:36,0,,
625379576,10109,121.4811,31.2153,48,0,2007-11-01 20:13:52,0,,
625380185,10109,121.4806,31.2168,20,0,2007-11-01 20:14:08,0,,
625382278,10109,121.4803,31.2175,48,157,2007-11-01 20:15:01,0,,
625382870,10109,121.4795,31.219,30,157,2007-11-01 20:15:17,0,,
625383530,10109,121.479,31.22,34,157,2007-11-01 20:15:33,0,,
625384170,10109,121.4785,31.2208,22,0,2007-11-01 20:15:50,0,,
625385531,10109,121.4768,31.2223,28,135,2007-11-01 20:16:24,0,,
625386414,10109,121.4756,31.222,20,112,2007-11-01 20:16:40,0,,
625386786,10109,121.4743,31.2215,8,135,2007-11-01 20:16:56,0,,
625389334,10109,121.4721,31.2233,12,0,2007-11-01 20:18:01,0,,
625390989,10109,121.4731,31.2238,18,45,2007-11-01 20:18:44,0,,
625392419,10109,121.4723,31.2236,12,135,2007-11-01 20:19:20,0,,
625394723,10109,121.4718,31.2236,0,135,2007-11-01 20:20:21,0,,
625397025,10109,121.4718,31.2236,0,135,2007-11-01 20:21:22,0,,
625399366,10109,121.4718,31.2236,0,135,2007-11-01 20:22:23,0,,
625401710,10109,121.4718,31.2236,0,135,2007-11-01 20:23:24,0,,
625404077,10109,121.4718,31.2236,0,135,2007-11-01 20:24:25,0,,
625406408,10109,121.4718,31.2236,0,135,2007-11-01 20:25:26,0,,
625408778,10109,121.4718,31.2236,0,135,2007-11-01 20:26:27,0,,
625411149,10109,121.4718,31.2236,0,135,2007-11-01 20:27:28,0,,
625413464,10109,121.4718,31.2233,0,135,2007-11-01 20:28:29,0,,
625415828,10109,121.4718,31.2235,0,135,2007-11-01 20:29:30,0,,
625418191,10109,121.4718,31.2235,0,135,2007-11-01 20:30:31,0,,
625420520,10109,121.4718,31.2235,0,135,2007-11-01 20:31:32,0,,
625422897,10109,121.4718,31.2235,0,135,2007-11-01 20:32:33,0,,
625425325,10109,121.4718,31.2235,0,135,2007-11-01 20:33:34,0,,
625427668,10109,121.472,31.2236,0,135,2007-11-01 20:34:35,0,,
625429997,10109,121.472,31.2236,0,135,2007-11-01 20:35:36,0,,
625432379,10109,121.472,31.2236,0,135,2007-11-01 20:36:37,0,,
625434759,10109,121.472,31.2236,0,135,2007-11-01 20:37:38,0,,
625439507,10109,121.472,31.2236,0,135,2007-11-01 20:39:40,0,,
625441860,10109,121.472,31.2238,4,135,2007-11-01 20:40:41,0,,
625444237,10109,121.471,31.2241,0,0,2007-11-01 20:41:42,0,,
625445292,10109,121.47,31.2235,12,112,2007-11-01 20:42:08,0,,
625446609,10109,121.4686,31.2226,16,135,2007-11-01 20:42:39,0,,
625448514,10109,121.468,31.2233,20,0,2007-11-01 20:43:25,0,,
625449303,10109,121.469,31.2236,18,45,2007-11-01 20:43:44,0,,
625451198,10109,121.4693,31.224,10,45,2007-11-01 20:44:34,1,,
625453548,10109,121.4713,31.2221,20,67,2007-11-01 20:45:34,1,,
625455884,10109,121.4731,31.222,34,45,2007-11-01 20:46:35,1,,
625458257,10109,121.4765,31.2223,12,22,2007-11-01 20:47:36,1,,
625460623,10109,121.4771,31.2225,24,67,2007-11-01 20:48:37,1,,
625463090,10109,121.4788,31.2196,28,67,2007-11-01 20:49:38,1,,
625465466,10109,121.4791,31.2193,12,67,2007-11-01 20:50:39,1,,
625467864,10109,121.4833,31.2228,50,22,2007-11-01 20:51:40,1,,
625470262,10109,121.4928,31.2233,56,45,2007-11-01 20:52:41,1,,
625474579,10109,121.4973,31.222,0,45,2007-11-01 20:54:43,1,,
625477026,10109,121.5133,31.2253,0,67,2007-11-01 20:55:44,1,,
625479417,10109,121.513,31.2256,18,90,2007-11-01 20:56:45,1,,
625481523,10109,121.5145,31.2203,0,90,2007-11-01 20:57:46,1,,
625483968,10109,121.5141,31.2163,0,90,2007-11-01 20:58:47,1,,
625485769,10109,121.5141,31.2158,16,67,2007-11-01 20:59:48,1,,
625488279,10109,121.5176,31.2161,0,22,2007-11-01 21:00:49,1,,
625490675,10109,121.5218,31.2165,30,45,2007-11-01 21:01:50,1,,
625493144,10109,121.5228,31.2165,16,135,2007-11-01 21:02:52,0,,
625493790,10109,121.5213,31.2166,40,135,2007-11-01 21:03:08,0,,
625494418,10109,121.5193,31.2166,50,135,2007-11-01 21:03:24,0,,
625495281,10109,121.5186,31.2186,36,0,2007-11-01 21:03:56,0,,
625495972,10109,121.5186,31.2196,22,0,2007-11-01 21:04:12,0,,
625498552,10109,121.5183,31.2203,0,0,2007-11-01 21:05:13,0,,
625498966,10109,121.518,31.2215,26,0,2007-11-01 21:05:38,0,,
625499635,10109,121.5175,31.2228,30,157,2007-11-01 21:05:54,0,,
625500385,10109,121.517,31.224,34,157,2007-11-01 21:06:10,0,,
625500978,10109,121.5163,31.2248,22,157,2007-11-01 21:06:26,0,,
625503358,10109,121.5158,31.2255,0,157,2007-11-01 21:07:27,0,,
625504600,10109,121.5148,31.2256,34,135,2007-11-01 21:07:59,0,,
625505282,10109,121.5135,31.2251,22,135,2007-11-01 21:08:15,0,,
625506004,10109,121.5128,31.227,42,157,2007-11-01 21:08:35,0,,
625506640,10109,121.5123,31.2285,26,0,2007-11-01 21:08:51,0,,
625509038,10109,121.5123,31.2288,0,0,2007-11-01 21:09:52,0,,
625510337,10109,121.5108,31.229,44,112,2007-11-01 21:10:25,0,,
625511505,10109,121.5086,31.2281,52,112,2007-11-01 21:10:41,0,,
625511622,10109,121.5073,31.2276,0,112,2007-11-01 21:10:57,0,,
625514006,10109,121.5073,31.2276,0,112,2007-11-01 21:11:58,0,,
625515850,10109,121.4913,31.224,30,135,2007-11-01 21:12:43,1,,
625518238,10109,121.4885,31.2233,62,45,2007-11-01 21:13:44,1,,
625523040,10109,121.4961,31.222,0,45,2007-11-01 21:15:46,1,,
625525436,10109,121.4961,31.222,0,45,2007-11-01 21:16:47,1,,
625525593,10109,121.4961,31.222,0,45,2007-11-01 21:16:50,0,,
625529834,10109,121.5126,31.2293,42,135,2007-11-01 21:18:40,0,,
625530469,10109,121.5106,31.229,52,135,2007-11-01 21:18:56,0,,
625531106,10109,121.5083,31.228,58,112,2007-11-01 21:19:12,0,,
625531708,10109,121.507,31.2275,0,112,2007-11-01 21:19:28,0,,
625534037,10109,121.507,31.2275,0,112,2007-11-01 21:20:29,0,,
625536468,10109,121.4901,31.2241,0,112,2007-11-01 21:21:30,0,,
625537162,10109,121.4896,31.2241,0,112,2007-11-01 21:21:46,1,,
625539538,10109,121.4856,31.2236,0,157,2007-11-01 21:22:47,1,,
625541920,10109,121.4871,31.2201,44,90,2007-11-01 21:23:48,1,,
625546751,10109,121.4886,31.2146,0,90,2007-11-01 21:25:50,1,,
625549089,10109,121.4916,31.2156,24,45,2007-11-01 21:26:51,1,,
625551070,10109,121.4936,31.214,10,0,2007-11-01 21:27:43,0,,
625551695,10109,121.4936,31.2143,0,0,2007-11-01 21:27:58,0,,
625554057,10109,121.4936,31.2138,12,135,2007-11-01 21:28:59,0,,
625554671,10109,121.4941,31.2138,32,45,2007-11-01 21:29:15,1,,
625557054,10109,121.4941,31.2093,54,112,2007-11-01 21:30:15,1,,
625559465,10109,121.4845,31.2031,80,112,2007-11-01 21:31:16,1,,
625561902,10109,121.4725,31.1998,52,157,2007-11-01 21:32:17,1,,
625566709,10109,121.4673,31.2215,80,0,2007-11-01 21:34:19,1,,
625569635,10109,121.4626,31.2291,56,0,2007-11-01 21:35:20,1,,
625571532,10109,121.4605,31.2388,72,157,2007-11-01 21:36:21,1,,
625573942,10109,121.4581,31.2481,68,0,2007-11-01 21:37:22,1,,
625576373,10109,121.4591,31.2568,58,0,2007-11-01 21:38:23,1,,
625578817,10109,121.4553,31.2623,60,112,2007-11-01 21:39:24,1,,
625581150,10109,121.441,31.2593,84,135,2007-11-01 21:40:25,1,,
625583520,10109,121.4298,31.2538,76,112,2007-11-01 21:41:26,1,,
625585886,10109,121.427,31.255,8,157,2007-11-01 21:42:27,1,,
625588302,10109,121.4263,31.2613,58,0,2007-11-01 21:43:28,1,,
625590813,10109,121.4253,31.2675,24,135,2007-11-01 21:44:29,1,,
625593175,10109,121.4201,31.2666,44,135,2007-11-01 21:45:30,1,,
625596276,10109,121.4175,31.2666,36,135,2007-11-01 21:46:31,1,,
625598047,10109,121.4148,31.2698,38,0,2007-11-01 21:47:32,1,,
625600730,10109,121.4103,31.273,50,0,2007-11-01 21:48:33,1,,
625610532,10109,121.4026,31.2773,14,135,2007-11-01 21:52:43,0,,
625611402,10109,121.4015,31.2768,24,90,2007-11-01 21:53:05,0,,
625613518,10109,121.4011,31.2758,14,112,2007-11-01 21:53:56,0,,
625614689,10109,121.4006,31.275,12,90,2007-11-01 21:54:24,0,,
625615968,10109,121.4006,31.2718,54,90,2007-11-01 21:54:56,0,,
625617760,10109,121.4011,31.2706,42,45,2007-11-01 21:55:12,0,,
625618446,10109,121.4056,31.2705,40,45,2007-11-01 21:55:40,0,,
625618466,10109,121.4058,31.2701,32,90,2007-11-01 21:55:44,0,,
625618516,10109,121.4055,31.2683,38,90,2007-11-01 21:56:00,0,,
625619417,10109,121.4051,31.2675,38,90,2007-11-01 21:56:22,0,,
625620038,10109,121.405,31.2656,54,90,2007-11-01 21:56:37,0,,
625620712,10109,121.4048,31.2638,34,90,2007-11-01 21:56:53,0,,
625621340,10109,121.4061,31.2635,40,45,2007-11-01 21:57:09,0,,
625622042,10109,121.408,31.2631,44,45,2007-11-01 21:57:25,0,,
625622681,10109,121.4095,31.2628,30,45,2007-11-01 21:57:41,0,,
625623958,10109,121.412,31.2623,18,45,2007-11-01 21:58:13,0,,
625625902,10109,121.4146,31.2618,42,45,2007-11-01 21:59:01,0,,
625626562,10109,121.4163,31.2615,22,45,2007-11-01 21:59:17,0,,
625628698,10109,121.4176,31.2613,26,45,2007-11-01 22:00:08,0,,
625629374,10109,121.4188,31.2611,44,45,2007-11-01 22:00:24,0,,
625630039,10109,121.4206,31.2608,12,45,2007-11-01 22:00:40,0,,
625631253,10109,121.4218,31.2605,38,45,2007-11-01 22:01:04,0,,
625631714,10109,121.4238,31.2601,52,45,2007-11-01 22:01:20,0,,
625632340,10109,121.4258,31.2596,36,45,2007-11-01 22:01:36,0,,
625644431,10109,121.446,31.2545,0,45,2007-11-01 22:06:33,0,,
625646518,10109,121.4473,31.2545,30,45,2007-11-01 22:07:25,0,,
625647147,10109,121.4486,31.2543,36,45,2007-11-01 22:07:41,0,,
625649100,10109,121.45,31.2543,14,45,2007-11-01 22:08:29,0,,
625650254,10109,121.4508,31.2536,20,90,2007-11-01 22:08:57,0,,
625651571,10109,121.4508,31.2541,12,0,2007-11-01 22:09:30,0,,
625652731,10109,121.4518,31.2543,24,45,2007-11-01 22:09:59,0,,
625653456,10109,121.4531,31.2541,26,45,2007-11-01 22:10:17,0,,
625654097,10109,121.4543,31.254,26,45,2007-11-01 22:10:33,0,,
625654918,10109,121.4555,31.254,14,45,2007-11-01 22:10:55,0,,
625655715,10109,121.4568,31.254,14,67,2007-11-01 22:11:15,0,,
625656414,10109,121.457,31.253,28,45,2007-11-01 22:11:32,0,,
625657069,10109,121.4585,31.2525,30,67,2007-11-01 22:11:48,0,,
625658428,10109,121.4581,31.2498,42,90,2007-11-01 22:12:23,0,,
625659229,10109,121.458,31.2488,36,90,2007-11-01 22:12:43,0,,
625659867,10109,121.4576,31.2468,64,90,2007-11-01 22:12:59,0,,
625660527,10109,121.4576,31.2443,66,90,2007-11-01 22:13:15,0,,
625661946,10109,121.4598,31.2395,70,67,2007-11-01 22:13:47,0,,
625662476,10109,121.4611,31.2371,68,67,2007-11-01 22:14:03,0,,
625663137,10109,121.462,31.2345,66,90,2007-11-01 22:14:19,0,,
625663810,10109,121.4623,31.2325,50,90,2007-11-01 22:14:35,0,,
625664469,10109,121.4623,31.2303,50,90,2007-11-01 22:14:51,0,,
625665591,10109,121.4621,31.2295,22,90,2007-11-01 22:15:18,0,,
625666251,10109,121.4626,31.2281,36,67,2007-11-01 22:15:34,0,,
625666931,10109,121.464,31.2265,50,67,2007-11-01 22:15:50,0,,
625667604,10109,121.4658,31.2248,58,67,2007-11-01 22:16:06,0,,
625668265,10109,121.4665,31.2241,0,45,2007-11-01 22:16:22,0,,
625670834,10109,121.4665,31.2241,0,45,2007-11-01 22:17:23,0,,
625672685,10109,121.467,31.223,44,90,2007-11-01 22:18:08,0,,
625673338,10109,121.4671,31.2213,38,90,2007-11-01 22:18:24,0,,
625675877,10109,121.4673,31.2205,0,90,2007-11-01 22:19:25,0,,
625678395,10109,121.4673,31.2205,0,90,2007-11-01 22:20:26,0,,
625681000,10109,121.4673,31.2205,0,90,2007-11-01 22:21:27,0,,
625683500,10109,121.4673,31.2205,0,90,2007-11-01 22:22:28,0,,
625686000,10109,121.4673,31.2205,0,90,2007-11-01 22:23:29,0,,
625688494,10109,121.4686,31.222,0,90,2007-11-01 22:24:30,0,,
625691054,10109,121.4686,31.222,0,90,2007-11-01 22:25:31,0,,
625693598,10109,121.4686,31.222,0,90,2007-11-01 22:26:32,0,,
625696101,10109,121.4686,31.222,0,90,2007-11-01 22:27:33,0,,
625698595,10109,121.469,31.2226,0,22,2007-11-01 22:28:34,0,,
625701131,10109,121.469,31.2228,0,22,2007-11-01 22:29:35,0,,
625705829,10109,121.469,31.22,20,135,2007-11-01 22:31:27,1,,
625708439,10109,121.469,31.2226,8,45,2007-11-01 22:32:29,0,,
625710875,10109,121.4691,31.2228,0,22,2007-11-01 22:33:29,0,,
625713416,10109,121.4691,31.223,0,22,2007-11-01 22:34:30,0,,
625716008,10109,121.4688,31.2225,0,112,2007-11-01 22:35:31,0,,
625718599,10109,121.469,31.2225,0,112,2007-11-01 22:36:32,0,,
625721397,10109,121.4693,31.2236,22,22,2007-11-01 22:37:38,1,,
625723941,10109,121.4698,31.2248,0,22,2007-11-01 22:38:39,1,,
625729040,10109,121.4676,31.2293,30,157,2007-11-01 22:40:41,1,,
625731391,10109,121.4656,31.232,14,0,2007-11-01 22:41:37,0,,
625732082,10109,121.4655,31.2323,8,112,2007-11-01 22:41:53,0,,
625734551,10109,121.4656,31.2323,26,157,2007-11-01 22:42:54,0,,
625737043,10109,121.465,31.2321,0,112,2007-11-01 22:43:55,0,,
625737621,10109,121.4651,31.2323,12,157,2007-11-01 22:44:09,1,,
625740086,10109,121.462,31.2351,44,0,2007-11-01 22:45:10,1,,
625742561,10109,121.458,31.2395,50,112,2007-11-01 22:46:11,1,,
625745064,10109,121.4551,31.2381,34,157,2007-11-01 22:47:12,1,,
625750095,10109,121.4465,31.244,48,157,2007-11-01 22:49:14,1,,
625752588,10109,121.4438,31.2478,42,22,2007-11-01 22:50:15,1,,
625755129,10109,121.4411,31.2505,44,135,2007-11-01 22:51:16,1,,
625757650,10109,121.4391,31.252,40,0,2007-11-01 22:52:17,1,,
625760078,10109,121.4413,31.2523,0,45,2007-11-01 22:53:15,0,,
625760682,10109,121.4413,31.2523,0,45,2007-11-01 22:53:30,0,,
625762778,10109,121.4425,31.2525,30,45,2007-11-01 22:54:19,0,,
625763424,10109,121.4438,31.2531,20,22,2007-11-01 22:54:35,0,,
625765539,10109,121.4456,31.2536,36,67,2007-11-01 22:55:24,0,,
625766187,10109,121.4465,31.2526,28,90,2007-11-01 22:55:40,0,,
625766850,10109,121.4465,31.2515,32,90,2007-11-01 22:55:56,0,,
625767539,10109,121.4468,31.2505,28,90,2007-11-01 22:56:12,0,,
625768180,10109,121.4476,31.2491,18,90,2007-11-01 22:56:28,0,,
625768905,10109,121.447,31.248,42,90,2007-11-01 22:56:44,0,,
625769515,10109,121.4473,31.2473,32,45,2007-11-01 22:57:00,0,,
625770201,10109,121.4488,31.2475,32,45,2007-11-01 22:57:16,0,,
625770835,10109,121.4506,31.2476,50,45,2007-11-01 22:57:32,0,,
625771491,10109,121.4528,31.2476,48,45,2007-11-01 22:57:48,0,,
625772159,10109,121.4548,31.2476,48,45,2007-11-01 22:58:04,0,,
625772856,10109,121.4565,31.2471,8,45,2007-11-01 22:58:20,0,,
625774117,10109,121.4573,31.2463,48,67,2007-11-01 22:58:48,0,,
625774626,10109,121.4576,31.244,64,90,2007-11-01 22:59:04,0,,
625775304,10109,121.4586,31.242,72,90,2007-11-01 22:59:20,0,,
625775917,10109,121.46,31.2391,84,67,2007-11-01 22:59:36,0,,
625776621,10109,121.4615,31.2363,84,90,2007-11-01 22:59:52,0,,
625777240,10109,121.462,31.2336,50,90,2007-11-01 23:00:08,0,,
625778551,10109,121.4621,31.2295,6,90,2007-11-01 23:00:40,0,,
625783084,10109,121.4623,31.2283,56,90,2007-11-01 23:02:30,0,,
625783718,10109,121.464,31.2265,60,67,2007-11-01 23:02:46,0,,
625784445,10109,121.4656,31.225,60,67,2007-11-01 23:03:02,0,,
625785138,10109,121.4671,31.2228,66,90,2007-11-01 23:03:18,0,,
625785795,10109,121.4673,31.2201,72,90,2007-11-01 23:03:34,0,,
625786477,10109,121.4675,31.222,38,0,2007-11-01 23:03:50,0,,
625787686,10109,121.4683,31.2226,16,22,2007-11-01 23:04:18,0,,
625795471,10109,121.4685,31.2228,0,45,2007-11-01 23:07:26,0,,
625798009,10109,121.4685,31.2228,0,45,2007-11-01 23:08:27,0,,
625800494,10109,121.4685,31.2228,0,45,2007-11-01 23:09:28,0,,
625802989,10109,121.4685,31.2226,0,45,2007-11-01 23:10:29,0,,
625805519,10109,121.4685,31.2226,0,45,2007-11-01 23:11:30,0,,
625808080,10109,121.4685,31.2228,0,45,2007-11-01 23:12:31,0,,
625810641,10109,121.4685,31.2228,0,45,2007-11-01 23:13:32,0,,
625813161,10109,121.4681,31.2228,0,45,2007-11-01 23:14:33,0,,
625815702,10109,121.4681,31.2228,0,45,2007-11-01 23:15:34,0,,
625818253,10109,121.4681,31.2228,0,45,2007-11-01 23:16:35,0,,
625820836,10109,121.4681,31.2228,0,45,2007-11-01 23:17:36,0,,
625823429,10109,121.4681,31.2228,0,45,2007-11-01 23:18:37,0,,
625828529,10109,121.4685,31.2228,0,45,2007-11-01 23:20:39,0,,
625831073,10109,121.4685,31.2228,0,45,2007-11-01 23:21:40,0,,
625836210,10109,121.4686,31.2228,0,45,2007-11-01 23:23:42,0,,
625838807,10109,121.4686,31.2228,0,45,2007-11-01 23:24:43,0,,
625841349,10109,121.4686,31.2228,0,45,2007-11-01 23:25:44,0,,
625843862,10109,121.4686,31.2228,0,45,2007-11-01 23:26:45,0,,
625848930,10109,121.4686,31.2228,0,45,2007-11-01 23:28:47,0,,
625851413,10109,121.4686,31.2228,0,45,2007-11-01 23:29:48,0,,
625853134,10109,121.4688,31.2228,8,22,2007-11-01 23:30:30,1,,
625858058,10109,121.4701,31.2261,0,22,2007-11-01 23:32:31,1,,
625860709,10109,121.4723,31.2275,36,157,2007-11-01 23:33:32,1,,
625863030,10109,121.4771,31.2321,42,22,2007-11-01 23:34:33,1,,
625865455,10109,121.484,31.2323,0,45,2007-11-01 23:35:34,1,,
625867951,10109,121.484,31.2323,0,45,2007-11-01 23:36:35,1,,
625870724,10109,121.502,31.2375,22,90,2007-11-01 23:37:36,1,,
625872987,10109,121.502,31.2356,42,90,2007-11-01 23:38:37,1,,
625875465,10109,121.5021,31.234,10,157,2007-11-01 23:39:38,1,,
625876578,10109,121.502,31.234,0,67,2007-11-01 23:40:02,0,,
625878931,10109,121.5021,31.2338,20,45,2007-11-01 23:41:02,0,,
625880203,10109,121.505,31.2348,44,67,2007-11-01 23:41:34,0,,
625880879,10109,121.5061,31.233,56,67,2007-11-01 23:41:50,0,,
625881558,10109,121.5071,31.2311,38,67,2007-11-01 23:42:06,0,,
625882171,10109,121.5088,31.2313,54,45,2007-11-01 23:42:22,0,,
625882858,10109,121.5105,31.2318,22,45,2007-11-01 23:42:38,0,,
625884118,10109,121.5113,31.2303,56,90,2007-11-01 23:42:54,0,,
625884180,10109,121.511,31.2288,46,112,2007-11-01 23:43:11,0,,
625884897,10109,121.5088,31.2281,62,112,2007-11-01 23:43:26,0,,
625885679,10109,121.5066,31.2273,0,112,2007-11-01 23:43:42,0,,
625887859,10109,121.5066,31.2273,0,112,2007-11-01 23:44:43,0,,
625889965,10109,121.4923,31.2235,50,157,2007-11-01 23:45:34,0,,
625890651,10109,121.49,31.224,54,135,2007-11-01 23:45:50,0,,
625891287,10109,121.4878,31.224,40,135,2007-11-01 23:46:06,0,,
625891936,10109,121.4861,31.2236,44,135,2007-11-01 23:46:22,0,,
625892575,10109,121.4838,31.2235,48,112,2007-11-01 23:46:38,0,,
625893235,10109,121.4821,31.2221,54,112,2007-11-01 23:46:54,0,,
625893907,10109,121.4806,31.2211,22,112,2007-11-01 23:47:10,0,,
625896381,10109,121.4805,31.2211,8,112,2007-11-01 23:48:11,0,,
625896998,10109,121.4793,31.2208,42,135,2007-11-01 23:48:27,0,,
625897678,10109,121.478,31.2206,36,135,2007-11-01 23:48:43,0,,
625898326,10109,121.4761,31.2201,44,135,2007-11-01 23:48:59,0,,
625898976,10109,121.4745,31.2196,42,135,2007-11-01 23:49:15,0,,
625900270,10109,121.471,31.2186,42,135,2007-11-01 23:49:47,0,,
625901348,10109,121.4701,31.2191,34,0,2007-11-01 23:50:03,0,,
625901549,10109,121.4698,31.2203,14,157,2007-11-01 23:50:19,0,,
625904084,10109,121.4698,31.2203,0,157,2007-11-01 23:51:20,0,,
625906707,10109,121.4686,31.221,10,0,2007-11-01 23:52:25,0,,
625908104,10109,121.4683,31.222,32,157,2007-11-01 23:52:59,0,,
625910797,10109,121.4686,31.2226,0,22,2007-11-01 23:54:00,0,,
625913480,10109,121.4686,31.2226,0,22,2007-11-01 23:55:01,0,,
625915554,10109,121.4686,31.2226,0,22,2007-11-01 23:56:02,0,,
625918036,10109,121.4686,31.2226,0,22,2007-11-01 23:57:03,0,,
625920524,10109,121.4686,31.2226,0,22,2007-11-01 23:58:04,0,,
625923011,10109,121.4686,31.2226,0,22,2007-11-01 23:59:05,0,,
